maxroll,maxpitch,maxyaw,minroll,minpitch,minyaw,avgroll,avgpitch,avgyaw,ranroll,ranpitch,ranyaw,skewroll,skewpitch,skewyaw,moderoll,modepitch,modeyaw,medianroll,medianpitch,medianyaw,stdroll,stdpitch,stdyaw,kurtosisroll,kurtosispitch,kurtosisyaw,class
43.85,80.49,42.61,-5.39,23.93,1.33,12.319823788546257,62.94295154185022,29.667268722466957,49.24,56.559999999999995,41.28,1.2037290487618892,-0.8000034706795854,-0.7486253853675903,3.11,79.97,42.53,3.73,79.77,34.73,15.062822013733273,22.88490608524954,14.799251634045156,-0.08910344239514822,-1.1917487182276112,-0.9812975747373422,1
72.96,18.22,70.69,-0.63,-5.84,-2.04,25.03091397849462,4.634354838709678,26.041827956989245,73.58999999999999,24.06,72.73,0.5956373912876353,0.525464505663304,0.4509469306114333,-0.05,-0.34,-0.66,7.07,-0.185,10.25,28.671670775848096,8.254625348102138,29.270143250518693,-1.3737480535473996,-1.337544157525473,-1.546878727140935,1
17.27,55.41,41.88,-41.23,-66.6,-36.21,-9.929292929292929,-2.0492424242424243,2.437727272727273,58.5,122.00999999999999,78.09,-0.1358590375028752,0.12449853191063859,0.0395178818263363,-20.67,-12.69,12.37,-8.75,-12.02,6.73,16.11514682141645,41.72472615438479,23.828494621898,-0.8404564417426057,-1.3510209945549332,-1.0386512145858462,1
68.65,23.47,75.21,-5.32,-3.91,-0.04,30.158,9.358486486486484,38.37302702702702,73.97,27.38,75.25,0.11307246077424683,0.007730315128360058,-0.10353065285189121,-5.32,-0.67,0.08,25.63,9.93,42.6,29.536795006284,10.114852866952027,29.408426141743877,-1.7517697160860428,-1.7556179426437624,-1.6207100319902452,1
51.33,56.31,37.56,-44.67,-52.19,-32.02,5.681686046511626,1.191744186046509,-2.3480232558139544,96.0,108.5,69.58000000000001,-0.04562893935566276,0.08948495403112784,0.468552656140324,48.23,55.16,36.84,8.015,-3.58,-14.21,37.51377356439856,44.15138078095397,26.12596357719019,-1.6910819329161748,-1.755110388465728,-1.4508673840302337,1
32.65,23.08,50.89,-22.99,-43.95,-4.66,3.2602450980392166,-10.123382352941174,17.433676470588235,55.64,67.03,55.55,0.1675010882076286,-0.01285454656774751,0.4689637500978175,-16.15,19.53,-3.52,-0.475,-10.865,11.05,21.411614390845916,29.00196854087603,21.67237807181034,-1.7075509849063097,-1.8344853076611338,-1.4486375584143638,1
40.57,43.74,31.93,-40.15,-13.19,-21.88,-2.862397260273975,8.61458904109589,-2.6844520547945177,80.72,56.93,53.81,0.42129255369275675,0.5615041521865155,0.5954986364981689,-25.56,-9.83,-21.22,-24.855,-5.37,-13.844999999999999,29.13275735495111,21.61743379796027,21.10402740343562,-1.5687428725926615,-1.375431823339398,-1.316122811159184,1
20.82,17.72,72.59,-71.18,6.38,40.97,-24.809042553191492,14.346382978723403,53.86829787234043,92.0,11.34,31.620000000000005,-0.04111126969088641,-1.2003211030766985,0.5312575422105253,-69.04,16.96,41.89,-19.79,15.625,53.685,36.94510136730907,3.286194478602816,9.836291966790787,-1.7029878225303492,0.2777394399914419,-0.7501107875252702,1
23.35,36.11,56.68,-25.76,-28.5,-25.63,0.455810810810808,3.3870270270270284,15.821621621621624,49.11,64.61,82.31,-0.03809776962737475,0.02904936102399756,-0.01949638830067501,-16.83,-26.02,-22.61,2.81,2.5250000000000004,20.975,18.423607689280942,27.11793109931836,35.10891595880989,-1.803774227335333,-1.7889543722961716,-1.8123577597417784,1
7.11,46.07,83.53,-71.31,1.98,31.0,-42.75205,28.0212,66.03264999999999,78.42,44.09,52.53,0.5526622454662347,-0.4674941787908148,-0.3317182117915271,-70.04,9.75,83.41,-66.055,40.760000000000005,77.515,33.067798691438476,16.489646010754747,18.399997567323208,-1.5817443448634527,-1.6549951127114058,-1.5046666309414896,1
45.68,42.32,45.37,-40.87,-60.16,-17.85,-2.6407894736842152,-16.48578947368421,8.773842105263162,86.55,102.47999999999999,63.22,0.1716041966817507,0.3593986628461396,0.2922531089543619,-39.14,-55.44,-17.32,-13.74,-34.505,-0.08000000000000002,36.676238757221704,41.924743794941286,26.711552211618415,-1.8299315119072712,-1.651536845367244,-1.680523744479899,1
27.34,6.66,-1.94,-7.15,-6.38,-48.2,8.432999999999998,-1.5189,-26.562500000000004,34.49,13.04,46.260000000000005,0.09992941453953018,0.5190806752514383,0.03550725492426168,-7.15,-6.23,-48.13,8.0,-4.28,-24.945,14.086421227551021,4.928792528601706,18.701036622337277,-1.7400156636290054,-1.4233997043566857,-1.6939199919167098,1
44.21,43.47,42.87,-1.62,5.17,-24.71,22.205245901639344,22.52896174863388,6.347704918032789,45.83,38.3,67.58,0.12365206864432982,0.30759081487522205,0.15146778162699298,9.84,9.72,-24.7,11.76,11.67,0.73,15.693792821885145,15.568849784794239,28.932678636677498,-1.722762303310929,-1.7441417986647783,-1.7530762656226235,1
18.8,34.95,41.04,-32.5,-7.92,-1.22,-10.921607142857143,8.942276785714286,15.895624999999999,51.3,42.870000000000005,42.26,0.3145623515149736,0.47530981251895604,0.5245410235298869,-31.99,-6.59,1.4,-21.41,-1.5499999999999998,5.21,21.622112195850548,17.6843220692338,16.734468320401394,-1.712197007366357,-1.5708586850098676,-1.472949250935989,1
4.84,77.46,42.92,-27.63,63.85,-44.91,-9.4971978021978,70.18467032967034,-7.761758241758241,32.47,13.609999999999992,87.83,-0.029348388067214324,0.3969364338945909,0.3018103845360673,4.74,68.79,-44.7,-13.145,68.85499999999999,-22.42,12.24317290603331,4.09460696648638,37.6438917040052,-1.5647354913499911,-1.1005362437047186,-1.6913794124455888,1
22.1,40.19,28.09,-32.66,-10.91,-75.29,-3.88899470899471,19.612539682539683,-10.570687830687831,54.76,51.099999999999994,103.38000000000001,-0.5013930345859274,-0.505362934817367,-0.5061123726023344,4.06,8.47,-74.05,4.26,31.82,23.54,15.366140766574185,16.858078336222793,43.52147677637709,-0.9992343419122371,-1.3668539460241393,-1.565307950387762,1
49.27,20.93,54.27,-6.43,1.87,-1.1,23.297672413793105,10.969137931034483,26.9725,55.7,19.06,55.370000000000005,0.04113563549311922,0.19377991592028512,-0.001258090753154491,48.81,3.11,-1.09,18.85,8.024999999999999,25.89,22.653672814714515,7.678113045956817,21.934016404811768,-1.8096090031923446,-1.749422564015407,-1.7020959360075343,1
1.63,7.37,69.14,-54.23,-4.54,3.79,-39.46205741626794,-0.9216267942583732,54.29641148325359,55.86,11.91,65.35,1.5694318651966863,1.431353651966335,-1.2029336287209365,-46.68,-1.33,68.92,-46.76,-1.4,68.23,17.078669733965548,2.7138216550742627,22.033203131469456,0.8846538592967002,1.4849294457105513,-0.1705002289486761,1
8.08,28.55,67.85,-70.76,6.53,16.58,-45.15197183098592,12.862582159624413,52.36352112676057,78.84,22.02,51.269999999999996,0.9104791950844123,1.1543954930090496,-0.8945868369744207,6.89,7.84,67.14,-63.24,8.04,66.39,29.92992905753166,7.873258859553704,19.37903591878534,-0.9526026383210691,-0.37521874087637164,-0.884651498941714,1
3.96,24.79,53.03,-61.34,15.97,45.82,-27.916397058823527,20.420294117647057,50.070882352941176,65.3,8.819999999999999,7.210000000000001,-0.07468195184593088,-0.20312450480698005,-0.3842090774048824,3.96,22.45,52.71,-25.185,22.395,51.125,25.728599178643314,3.1289069556355016,2.621818932644078,-1.6922843084244168,-1.673086639333737,-1.5824082941131403,1
55.06,-3.25,37.51,-62.71,-21.82,3.74,-22.665241379310345,-9.346827586206896,22.10303448275862,117.77000000000001,18.57,33.769999999999996,0.7007210513256314,-1.1718124304848685,-0.1837685370827977,-62.7,-5.73,36.97,-53.93,-6.61,25.51,45.02665651983866,5.791531356474909,13.869528213348858,-1.21127495560173,-0.17264736697696526,-1.7226858486664323,1
16.13,30.39,61.32,-33.99,-56.31,44.13,-12.76,2.3800675675675675,54.747432432432426,50.120000000000005,86.7,17.189999999999998,0.3308280507984248,-0.7555437646886333,-0.7024674571107481,-33.8,30.2,57.01,-22.75,23.835,57.004999999999995,20.032020819380858,33.593215762497415,5.357867809273651,-1.6866255131063523,-1.1470042360994828,-0.8454110231250427,1
27.34,23.34,19.87,-99.61,-27.03,12.32,-28.857272727272722,1.5593181818181796,16.72507575757576,126.95,50.370000000000005,7.550000000000001,-0.2817228488267985,-0.2095127099576357,-0.3287246295420468,-99.61,23.13,18.52,-16.869999999999997,4.025,18.35,50.41628963682077,18.004320112599146,2.53219227578269,-1.6062277886130671,-1.4010131540396993,-1.6300372795274078,1
37.83,34.79,40.66,-3.61,-3.43,-0.97,15.289924242424243,13.8275,15.661818181818182,41.44,38.22,41.629999999999995,0.35587725518967356,0.45321572379918107,0.461115274336061,0.43,3.49,-0.86,7.51,5.07,6.970000000000001,15.632973577443567,14.029819075649357,16.689892096995905,-1.577161916399673,-1.4947874531586345,-1.523698780151949,1
59.05,26.78,31.28,-12.64,-24.05,-30.15,29.926260162601626,5.821056910569107,6.62609756097561,71.69,50.83,61.43,-0.2774886990210817,-0.26422611057734235,-0.3955471926999371,-12.64,24.76,29.74,39.72,9.21,13.07,27.3646538498582,19.45984236155572,23.29110080354487,-1.660788332792286,-1.623665378136199,-1.4537414543850686,1
7.55,6.2,53.82,-52.33,-25.83,-1.48,-31.608249999999998,-14.163,36.166999999999994,59.879999999999995,32.03,55.3,0.7190594169926493,0.5502854517535273,-0.7612084831380675,-49.42,-24.01,53.81,-46.51,-23.75,51.445,21.874107683229045,12.541386277042902,21.57326168547538,-1.2689185893113466,-1.5316424364013688,-1.1621688403572739,1
56.39,25.75,37.27,-19.28,-73.99,24.61,18.15126666666667,-24.232266666666668,32.723866666666666,75.67,99.74,12.660000000000004,0.3158105852111459,0.013818062195989961,-0.5849420705467879,-0.17,25.49,36.92,2.8,-27.58,34.5,27.713880861322107,40.064296909620445,4.210299718019557,-1.536808493512744,-1.6516999436119881,-1.1425939558915303,1
33.23,24.46,45.29,-50.0,-1.65,7.44,-8.322818791946313,12.892885906040267,24.90181208053691,83.22999999999999,26.11,37.85,0.017795407318024262,-0.0033114143374048497,0.1892518713024394,-49.63,24.08,8.88,-11.28,12.62,19.99,34.57517296186676,9.813172991177105,16.028290218248202,-1.7468401401450917,-1.7568680209284409,-1.7781573879328887,1
38.42,33.4,47.28,0.02,-0.98,-0.61,25.67365384615384,19.371634615384615,27.85,38.4,34.379999999999995,47.89,-0.6680607822159599,-0.3433372982468534,-0.348943195946196,38.35,33.27,47.27,35.7,24.42,33.65,13.94174466635062,12.937672192133693,17.4752394613284,-1.1894689229365192,-1.5649459420248657,-1.516517872478699,1
58.41,14.48,26.85,-26.14,-58.47,-21.91,26.60571428571429,-15.381654135338348,4.9840601503759405,84.55,72.95,48.760000000000005,-0.4885689200047533,-0.26250901803273163,-0.16974731596546092,57.34,13.34,-21.89,39.4,-6.0,5.89,33.77795114994827,29.27093416236524,19.356103971584467,-1.507968544937744,-1.7114318499582581,-1.6618369472198795,1
45.21,37.51,-3.03,-85.41,-53.39,-80.79,-29.902039800995027,-18.55044776119403,-48.574975124378106,130.62,90.9,77.76,0.5312996610680919,0.8022594793946635,0.5838956329841033,-70.62,-40.18,-77.13,-46.04,-39.39,-56.16,47.095097528958334,32.21106557645453,26.794365025853565,-1.332294089037888,-1.1088347666027696,-1.1264255866725121,1
35.78,16.87,67.81,-41.98,-31.89,40.7,4.5591269841269835,3.134603174603175,48.53809523809524,77.75999999999999,48.760000000000005,27.11,-0.2852004321327372,-0.8197344860144294,0.8131938934727209,33.8,16.1,41.83,15.155000000000001,12.559999999999999,42.195,30.645919664695757,16.004168140156573,9.064343865124238,-1.6708790230023733,-0.8990971870484881,-0.9759510748617628,1
31.12,27.16,89.76,-39.23,-1.53,31.13,-5.975828220858894,6.43085889570552,65.71742331288343,70.35,28.69,58.63000000000001,0.3161356141013378,1.2525607190178318,-0.09703015205316971,-26.41,6.6,89.43,-26.16,6.51,60.1,27.446093128076203,7.842276838442038,19.54123862137751,-1.7373432319311808,0.6377394503987488,-1.2401528426553643,1
37.69,34.67,24.55,-74.13,27.36,-28.49,-13.970818181818183,30.739272727272724,2.2371818181818184,111.82,7.310000000000002,53.04,-0.19235516135096364,0.2688115120479792,-0.3224161553717981,-72.98,34.65,-28.49,-4.63,30.94,7.18,45.3558383959916,2.4391961079200994,20.467096793359833,-1.6723389814339995,-1.1431951454004163,-1.5128363220104515,1
46.54,25.57,15.86,11.11,-0.36,-75.75,27.300833333333337,11.681666666666667,-22.77047619047619,35.43,25.93,91.61,-0.031413445995164005,0.1330223944593418,-0.352647626145149,11.13,25.53,-75.53,28.145,9.21,-3.98,13.28602534784767,10.638674039440268,38.96174779755022,-1.7030322418775543,-1.792128008090402,-1.6673452059671938,1
51.16,2.2,-4.28,-95.38,-50.71,-81.29,-12.499880952380952,-26.740773809523812,-39.7989880952381,146.54,52.910000000000004,77.01,-0.20519788192080402,0.583039070314066,-0.08589121783810318,-95.37,0.25,-76.09,-5.415,-37.745000000000005,-39.745,58.74478585765735,18.380774635116254,30.53165456577268,-1.6556856372935598,-1.3661158293959899,-1.712978951126941,1
53.87,49.34,2.17,-96.65,-24.02,-71.01,-5.4344221105527675,12.196231155778895,-27.73889447236181,150.52,73.36,73.18,-0.5175314760891803,0.001900670865031348,-0.48232066023491166,-94.93,-23.68,-70.99,17.15,8.56,-8.03,58.10059778399013,25.21774686907213,30.30676548155029,-1.3799268609193822,-1.4007450493365843,-1.5913736258608793,1
51.29,22.64,49.94,-91.44,-11.06,9.28,-37.27651162790698,2.000348837209302,23.567151162790697,142.73,33.7,40.66,0.46526486318960997,0.4902887268595994,0.8359815591501703,-90.51,-9.9,13.62,-69.47,-5.27,13.64,59.24629634715166,13.525912293323682,14.781506339843185,-1.5401510144795114,-1.5020546296185042,-1.0676746886094024,1
-16.38,33.04,41.07,-149.91,-36.95,0.09,-111.13078189300411,-14.737818930041152,28.833909465020575,133.53,69.99000000000001,40.98,0.9626232864389188,0.9608589065570837,-0.7708483022626182,-148.34,-29.81,40.16,-146.4,-29.65,38.33,51.6180528262927,25.245237381915647,14.174989535709804,-0.8076480015274181,-0.7796822624000641,-1.045627625879723,1
34.84,52.54,49.4,-5.22,-57.94,7.4,6.628820754716981,-16.145849056603776,31.77132075471698,40.06,110.47999999999999,42.0,0.8354093132171838,0.5325911084130436,-0.19578301437871348,-4.91,52.47,47.9,-0.045,-36.825,30.54,13.708951146382748,44.13946754361475,15.36770299769677,-0.9494933161245314,-1.4225604045620126,-1.5235274168029262,1
48.81,39.56,65.67,-3.19,-12.89,0.73,16.05411428571428,6.321085714285714,20.721428571428575,52.0,52.45,64.94,0.547145158134294,0.35760309967194503,0.8165333152156821,-3.08,-12.74,0.94,10.91,-1.56,7.51,20.80471513008726,19.669469989767578,24.615522784600447,-1.398750114706929,-1.5270926237776936,-1.0397841416427753,1
-13.9,42.68,129.95,-62.15,-21.12,61.16,-41.703054187192116,3.3303940886699506,100.00197044334976,48.25,63.8,68.78999999999999,0.25109817187936573,0.11596241352211548,-0.05014623161378404,-61.69,-21.08,90.55,-52.15,6.72,92.73,18.417576514354117,17.413022272778505,22.675450214334703,-1.7389907656165573,-1.3564991482349709,-1.3258579236225383,1
46.16,102.29,42.57,-65.87,0.86,-95.32,6.444529411764704,56.38894117647058,-23.72629411764706,112.03,101.43,137.89,-0.5421664921038903,-0.32125006216619584,-0.06773364809109497,44.52,102.27,-95.16,25.75,70.78,-23.52,40.3164816255201,38.64634343934539,53.349175469966355,-1.3346007859897202,-1.563805769763503,-1.6076300797202496,1
50.4,42.66,59.22,-15.04,-11.09,-4.55,28.426433566433566,26.041958041958043,36.67867132867133,65.44,53.75,63.769999999999996,-0.7754793480038265,-0.8934799596717548,-0.6567087044241126,43.25,38.57,-4.37,43.14,35.98,49.23,24.632261590377272,18.1984105683717,24.375478571246347,-1.1577478463809259,-0.6964633728387946,-1.2315701154403234,1
57.79,105.72,-5.22,39.21,37.86,-74.24,49.11058139534884,61.783720930232555,-49.5506976744186,18.58,67.86,69.02,0.29654688403158885,0.573867580068755,0.5337954178170013,46.94,38.55,-74.24,47.224999999999994,46.46,-67.13,5.012738158733803,26.75870669201142,27.58948747767331,-0.7992402666266436,-1.3739668158942366,-1.4432031733798014,1
64.86,30.7,58.7,-3.34,-0.63,0.01,25.74744444444444,12.397444444444444,26.033111111111108,68.2,31.33,58.690000000000005,0.32758939511295593,0.27172658941413513,0.20095917138655092,64.79,-0.37,0.01,16.545,9.725000000000001,22.54,26.674993056798478,12.00002644081449,21.66491360315334,-1.5871108767691517,-1.5755509438494117,-1.567425674942857,1
46.05,38.79,51.57,-3.67,-2.42,-0.51,25.455636363636362,19.65054545454546,27.49600000000001,49.72,41.21,52.08,-0.40266167567340333,-0.18053739914167133,-0.1527878528264532,35.73,-2.03,-0.51,33.925,22.875,30.455,19.11851765494161,16.28870807067185,19.87418152459938,-1.5262962297748432,-1.671540859013775,-1.6227077265436587,1
80.12,60.34,6.12,-40.35,-25.11,-42.5,27.383888888888894,6.099907407407407,-19.203240740740743,120.47,85.45,48.62,-0.2211682276783299,0.5784676368375937,0.2003594061374036,80.05,-25.07,-42.5,39.125,-4.885,-22.15,45.98673528218306,28.803547026151534,15.446918536568297,-1.6218153605074508,-1.156028919853611,-1.1732947618042617,1
46.79,20.49,63.34,-51.24,-10.16,22.98,18.5549,-1.0204999999999997,49.002199999999995,98.03,30.65,40.36,-0.9184335193508081,1.343016179081681,-0.5924315927422908,46.62,-3.35,63.21,40.59,-3.19,57.855,34.69251433652511,8.267753670133139,15.443825017138723,-0.7503962065249223,0.7477967404432446,-1.3289583771096634,1
55.84,37.97,47.49,-8.3,-1.37,12.97,34.70529411764706,21.182117647058824,29.029411764705877,64.14,39.339999999999996,34.52,-0.7305273570717868,-0.11493744024393901,0.16391147903648237,-8.3,37.96,12.97,51.2,22.12,26.86,24.436982849685997,13.822541614769749,13.133972684512049,-1.1620331365660732,-1.6178657951180835,-1.5908274469351138,1
46.61,44.54,49.82,-0.57,-1.41,-0.06,30.843083333333333,26.220250000000004,29.747916666666665,47.18,45.949999999999996,49.88,-0.7545618889070939,-0.424232532912735,-0.5364663712610503,0.17,44.28,-0.06,43.925,30.605,37.595,18.500376698679826,17.42785029115276,18.231865185979252,-1.1965064918498884,-1.414872885036912,-1.335182849405149,1
6.96,13.67,26.78,-18.8,-38.9,-7.02,-7.879605263157895,-23.109539473684215,16.156381578947368,25.76,52.57,33.8,0.38843407788176854,0.8664773202593242,-0.7836335610696261,-7.58,-32.93,24.04,-8.03,-32.93,22.119999999999997,6.763453832097892,16.91266857537707,10.863715351993275,-0.3756588324141483,-0.8809081415804076,-0.8285296605580519,1
48.43,40.46,50.25,-1.35,-7.52,5.19,27.894814814814815,19.16703703703704,23.178641975308643,49.78,47.980000000000004,45.06,-0.34017123132772736,-0.1918211524176683,0.442800231546361,47.43,-7.52,5.19,31.29,20.86,18.53,17.149900342446013,15.791303235880093,15.550099896712696,-1.3719412450739827,-1.3649993860457796,-1.3381075332170171,1
53.75,38.67,34.73,-12.65,5.77,-16.08,27.66282296650718,24.978133971291868,12.339186602870813,66.4,32.900000000000006,50.809999999999995,-0.2668285761008595,-0.30756005366630984,-0.2283860939376219,52.69,38.0,34.58,30.43,26.82,14.2,22.209373084272556,11.91770392537359,18.74298640904839,-1.428475451089806,-1.4572887979175548,-1.4390361505815752,1
-0.86,102.08,-14.46,-72.32,-57.67,-76.25,-33.28947712418301,20.747058823529414,-48.05359477124183,71.46,159.75,61.79,-0.19478249535795758,0.014730059319285043,0.13703649049042313,-72.18,-57.67,-75.87,-29.32,19.93,-51.43,26.69650271557945,55.4787565524353,24.14040091545013,-1.5788810097506747,-1.404257582552052,-1.6662161789867223,1
31.11,58.3,54.5,-89.64,11.22,24.92,-44.51180722891566,41.34927710843373,40.61843373493975,120.75,47.08,29.58,0.506931188399766,-0.57716070085225,-0.03724741666232446,-89.27,57.5,54.38,-68.52000000000001,56.17,41.95,48.81114592604277,19.324521115538612,13.176003469426222,-1.4669649687507744,-1.44638861184629,-1.9050658248168497,1
50.86,55.82,36.34,6.86,-9.81,-20.93,32.886712328767125,26.362465753424654,13.808767123287671,44.0,65.63,57.27,-0.48620068727887716,-0.1894331995841853,-0.40750693242734515,6.86,54.33,-20.93,37.42,28.12,19.22,14.949271760775481,21.25432705539261,18.861246559219946,-1.2446966117068952,-1.3513087792545055,-1.2991959179663093,1
66.61,39.73,28.45,-33.79,-62.35,7.74,17.00116788321168,-10.070218978102186,18.555474452554744,100.4,102.08,20.71,-0.05291296615978729,-0.0616031226559475,-0.10504118780412315,-33.72,39.71,9.3,19.9,-8.71,18.61,41.816457663015456,37.10657252791703,6.787171343637014,-1.7290085598055567,-1.5008223891098416,-1.3789746782343408,1
31.06,15.01,65.3,-31.43,-29.67,44.81,10.43030612244898,1.0525510204081632,50.81551020408163,62.489999999999995,44.68,20.489999999999995,-0.7201298646571007,-0.7828982650952095,0.8618392191217007,30.44,14.61,45.56,26.29,9.14,46.56,24.146647354813414,15.964620598035948,6.891147252379498,-1.2029440115808279,-0.963516704036838,-0.7571853891247793,1
56.99,-12.21,28.56,-10.73,-47.92,7.19,22.591153846153848,-31.225576923076922,15.792596153846151,67.72,35.71,21.369999999999997,0.3218931313246071,0.10244994714259625,0.3765350525971931,9.13,-47.9,14.91,9.325,-33.025,15.915,23.1389158673174,14.207177954695666,6.2662490306268035,-1.3653558436846158,-1.6738217326699276,-0.6010688966080053,1
41.91,57.98,56.19,0.1,-0.17,-0.47,22.565757575757576,28.840000000000007,26.317878787878783,41.809999999999995,58.15,56.66,-0.31486829754936896,-0.09733170917719954,0.03255146593125072,0.11,-0.11,-0.43,26.74,34.3,26.8,16.9916810002412,23.464772693886417,23.665804912724305,-1.6550189519250762,-1.6678848409716607,-1.7406069697637858,1
44.78,20.95,41.37,-2.96,-1.42,1.06,20.204064516129034,8.042838709677419,17.768516129032257,47.74,22.369999999999997,40.309999999999995,0.10152765280137795,0.2732087214134355,0.3305192509975649,0.23,-1.25,1.06,19.4,4.63,11.55,19.321840381748657,9.358468702616705,16.401770864011798,-1.7798133801997336,-1.708382138958406,-1.6062348143687435,1
57.5,55.32,58.13,0.05,-0.37,-1.92,25.89533039647577,25.001806167400876,22.235462555066082,57.45,55.69,60.050000000000004,0.018284000871266654,-0.0038777640261504717,0.26375241290716306,0.08,-0.25,-1.77,29.75,29.28,18.45,23.64871054314364,22.614007564946355,23.46544908065831,-1.7863691949192915,-1.759719117011501,-1.6146795743520357,1
73.58,67.69,92.0,17.11,8.71,46.85,43.98103286384976,37.695586854460096,67.64910798122067,56.47,58.98,45.15,0.3519119465848593,0.12944784289773026,0.16179111457216067,45.99,65.61,91.98,43.1,35.45,66.72,16.22831982034518,21.69516157863793,16.00349197963778,-0.7354787315848577,-1.5786928327188654,-1.4184595542453138,1
37.74,49.89,49.53,-21.41,-45.55,8.04,16.32434210526316,3.3659868421052637,26.596118421052633,59.150000000000006,95.44,41.49,-0.4539683542738496,0.03305698772290283,0.6636043208235811,12.88,-38.11,49.43,13.105,1.2149999999999999,25.525,19.172028647535225,36.24801250921556,12.33104805430404,-0.9908169421540296,-1.5974092634829304,-0.5952032615066614,1
65.92,9.98,46.72,-25.24,-29.43,26.04,16.25713235294117,-11.728455882352943,35.447794117647064,91.16,39.41,20.68,0.17979063144112425,0.10771066535791489,0.1418681348935981,-22.75,-29.38,26.08,7.25,-11.165,31.275,38.73186668524587,15.973965486096269,8.383507328921652,-1.7735558619359442,-1.7061437257234746,-1.7602893697991058,1
60.45,55.14,83.96,-0.47,-3.2,0.2,39.73538759689922,37.14577519379845,58.040038759689914,60.92,58.34,83.75999999999999,-0.8751329480560258,-0.8650781737444853,-0.8586372749064461,0.1,51.85,0.31,53.33,51.85,80.845,21.69353928143573,21.211946547572175,31.818640269551885,-0.9400593088648592,-0.9166035352286719,-0.958271338684705,1
56.69,28.29,17.31,-48.35,-32.56,-42.56,-8.118524590163934,-8.78188524590164,-13.23139344262295,105.03999999999999,60.85,59.870000000000005,0.5310434773798552,0.3842449042788326,0.06791944459562252,27.39,-32.55,-42.51,-22.384999999999998,-9.254999999999999,-17.215,35.09933999828158,19.13973017145257,21.53787142303916,-1.2332059244508664,-1.0844911554342085,-1.4179580607969495,1
34.64,4.84,24.18,-41.03,-49.26,-4.61,2.1700546448087437,-24.442622950819672,14.26431693989071,75.67,54.099999999999994,28.79,-0.48904655473554737,-0.03665124374696928,-0.6424851820680475,9.8,-49.05,24.01,9.32,-17.74,20.1,22.672712890897714,22.099558230753075,10.295958486000744,-0.8712069473677841,-1.7955259924242482,-1.2398022418170755,1
45.48,12.72,21.7,-23.74,-40.6,-27.42,9.706692913385826,-11.011889763779525,0.03976377952755831,69.22,53.32,49.120000000000005,0.1985561792169109,-0.27753211603848843,-0.28978370271539206,-14.54,-40.59,21.42,0.36,-5.69,2.84,26.975048869355604,20.43344852138368,18.321174637606624,-1.7196584354192361,-1.5593603171910806,-1.3946624493525088,1
28.55,13.52,68.14,-63.29,-2.66,39.87,-7.172365591397849,8.802150537634407,47.59204301075269,91.84,16.18,28.270000000000003,-0.3956110378562789,-1.2076174849105465,1.0541052847350003,-63.29,13.31,41.37,8.49,9.88,41.66,34.34575068480673,4.507170117930104,9.188730657437091,-1.532746195091963,0.4843976104796184,-0.4285311923647179,1
35.35,28.88,61.11,-62.53,-15.77,36.61,-14.435739130434781,9.417304347826088,47.953043478260874,97.88,44.65,24.5,0.039001409103544514,-0.37487942819827097,0.3449432209619342,-62.48,-15.73,60.52,-16.03,15.19,47.32,39.96741250962533,16.465723307459264,8.199763217568943,-1.7397857459860837,-1.4671534068195686,-1.1409570518391814,1
48.61,16.04,64.04,-72.73,-2.03,-11.88,6.614523809523808,5.221666666666668,41.65482142857143,121.34,18.07,75.92,-0.7609733995569514,0.7635341455419506,-0.8747828670515936,-72.18,2.36,63.81,37.54,2.18,62.475,46.121611758500094,6.146710566933407,28.589883054383947,-1.1496598378090828,-1.0447264903048545,-0.8899551759846784,1
57.49,16.19,56.79,-23.66,-23.74,-30.91,14.99324742268041,-3.212525773195875,12.678865979381445,81.15,39.93,87.7,0.29388231646751156,-0.09186655887888796,0.016069788514071825,-1.45,-23.69,-30.61,-0.92,-0.095,11.075,29.239644748547413,15.65840837693347,35.51784445884431,-1.591162987614831,-1.6064297188711323,-1.685257491903818,1
42.26,31.71,31.51,-12.29,-3.11,-9.07,14.70510101010101,13.625101010101007,12.901262626262625,54.55,34.82,40.58,0.28692775673529747,0.14794553508193453,0.03802108940300634,-1.17,-0.06,0.34,8.035,11.25,11.475000000000001,17.990721871971825,13.07122704664518,13.434686070761622,-1.4741726291999173,-1.630842822838711,-1.4733307473043298,1
39.43,0.1,47.8,-37.64,-22.64,29.99,8.438787878787878,-7.865858585858586,35.50393939393939,77.07,22.740000000000002,17.81,-0.44161406403882913,-0.5580727242620966,1.0066018778252441,36.2,-0.26,31.19,28.25,-2.72,31.3,30.65539233705618,8.410746133694477,6.404033422549806,-1.5845387011852958,-1.3116533359135525,-0.6499610673013696,1
56.33,56.07,53.64,-0.66,0.39,-4.45,28.380596026490068,26.682119205298015,21.74145695364239,56.989999999999995,55.68,58.09,-0.12280123301305305,0.04957315659384473,0.2370430906765627,0.29,0.41,-0.74,34.74,28.11,15.27,23.754944977899456,21.645176346824435,23.0706179467916,-1.7548380422214802,-1.5801253383383986,-1.6830763071318142,1
-52.8,-35.89,278.53,-114.47,-92.74,205.7,-89.30438095238097,-61.33133333333333,245.81128571428573,61.67,56.849999999999994,72.82999999999998,0.14397702520878705,-0.3405495270638251,0.03280145740184862,-113.48,-41.16,277.67,-91.7,-46.09,234.625,20.706057127315116,22.732019186985134,27.67124114386951,-1.500497994486758,-1.767260134081684,-1.7945815038015343,1
70.98,55.72,9.36,-6.46,15.81,-20.71,19.39467391304348,43.811086956521734,1.8484057971014491,77.44,39.91,30.07,0.9681835581036051,-0.7151763867317041,-1.3228898206956863,1.99,55.57,8.14,2.04,54.705,8.06,29.234443049268336,14.925622880930058,9.186886151937557,-0.9459288808486739,-1.2398935218224476,0.36724684480578684,1
55.21,36.29,20.47,-14.47,22.25,-43.43,12.28358024691358,26.383271604938273,-20.610679012345678,69.68,14.04,63.9,0.686957486780129,1.4753832620914904,0.5609080343717483,-5.08,24.26,-42.87,-5.085,24.92,-37.510000000000005,25.75151084186367,3.4872807387593725,25.88183774092528,-1.2921729278620027,1.3232953759519859,-1.4263570205250147,1
19.83,35.15,131.46,-11.4,-28.67,93.01,5.030384615384616,-1.0563076923076935,116.24823076923077,31.229999999999997,63.82,38.45,-0.16043520784363488,0.2912493624887814,-0.7006973582633081,-8.48,-25.12,125.71,7.89,-12.745000000000001,122.965,11.314459802451985,26.03262282180281,12.144867638090814,-1.6795439344985166,-1.727554191240529,-0.9620260890306822,1
46.21,31.08,80.45,-14.68,-9.23,59.41,23.732000000000003,16.51447619047619,72.38190476190476,60.89,40.31,21.040000000000006,-0.5450474008056959,-0.43133934376516536,-0.4107469091235167,-11.94,30.84,80.45,39.24,16.25,75.03,24.323055314033304,12.525815474333482,7.853541038797248,-1.4794874647116663,-0.9989956506916027,-1.4622938106857983,1
33.9,59.96,44.05,-97.41,-79.6,-64.48,0.13926829268292668,12.98829268292683,4.434227642276422,131.31,139.56,108.53,-1.1086097367278158,-0.635236454626775,-0.42034364466395424,17.66,59.96,43.63,26.97,26.73,9.38,42.824036031955586,45.40073774887341,35.93061303204759,-0.2880156279819537,-0.9664365862179531,-1.2625499263932414,1
4.61,6.05,169.82,-32.15,-57.09,85.93,-8.676277372262774,-24.964014598540146,127.5875182481752,36.76,63.14,83.88999999999999,-0.8081199816293714,0.037678689714466494,0.24057854750290614,-31.91,-1.48,120.68,-7.09,-28.86,120.84,10.983767054011446,24.360399492722657,27.275960533737177,-0.3863838531956052,-1.788474082540993,-1.2138209381014817,1
30.12,29.57,68.22,-1.22,-16.62,-3.94,17.907354838709676,15.81767741935484,41.09703225806452,31.34,46.19,72.16,-0.6120135396919864,-0.9010828648892107,-0.450844898307181,28.01,29.55,-3.93,26.79,26.71,52.52,12.292695763426101,16.62205832599308,27.3520313611184,-1.4701521757189608,-0.8511759799128131,-1.4556278183678917,1
53.2,43.03,54.85,0.44,-4.89,-1.38,28.082934782608692,16.480217391304347,24.860217391304346,52.760000000000005,47.92,56.230000000000004,-0.12656197699719032,0.2068014437124643,0.08806651232013724,0.44,-2.83,-1.37,31.015,12.795,24.125,20.728729199184837,18.910971911786902,20.632665056750312,-1.6365213007788766,-1.6568150039339948,-1.5622634383201501,1
15.25,26.55,142.48,-39.52,-19.16,58.71,-9.599885057471262,0.21172413793103662,100.68597701149426,54.77,45.71,83.76999999999998,-0.16890808851064362,0.3830851881719617,0.3522057557962086,-39.49,17.05,95.37,-0.855,-10.524999999999999,95.405,21.227395928795,15.945078310083796,26.560867051514098,-1.7476615055673328,-1.5563600425230057,-1.0041089236943312,1
65.6,18.18,114.62,-23.9,12.59,112.48,34.26094202898552,14.54949275362319,113.98434782608696,89.5,5.59,2.1400000000000006,-0.6588519559533401,0.9918860260157928,-1.1988675985463728,-23.83,13.0,113.77,61.68000000000001,13.795,114.055,35.691328218240166,1.8053605053549044,0.43984014968836477,-1.3328004924460455,-0.4629499413301277,1.474175629196134,1
70.92,-8.29,82.49,-90.49,-101.18,-56.55,9.132828947368418,-38.97453947368421,26.535394736842107,161.41,92.89000000000001,139.04,-0.5144896534839042,-0.8100127870267396,-0.36063064150639645,-89.78,-101.17,82.23,34.79,-21.42,39.31,62.89426622700911,34.89298637938756,53.8172307674388,-1.3940360663813844,-0.9820067030396755,-1.4710449281603217,1
52.18,17.03,58.67,1.66,-22.25,19.86,27.14109489051095,-1.022554744525547,41.308686131386864,50.52,39.28,38.81,0.10044211431651316,-0.1436481144496927,-0.2209796848659963,5.03,-22.12,19.87,21.44,0.75,42.51,19.93451907185203,15.714791164902323,14.424586715860677,-1.7983782515434297,-1.6623503364146839,-1.471511639399126,1
2.83,17.83,103.95,-59.99,-39.97,63.92,-32.33470588235294,-9.610235294117647,91.87011764705882,62.82,57.8,40.03,0.30460521311229444,-0.46971081282504035,-0.8933106671607577,2.62,-38.96,103.85,-36.69,1.17,98.685,24.842866112391313,20.290378796595757,13.842331025569836,-1.5735559280588025,-1.4058426816753467,-0.746885168994909,1
-0.35,21.06,30.47,-39.54,-0.29,0.49,-24.717368421052637,14.310210526315787,17.08126315789474,39.19,21.349999999999998,29.98,0.641959566279481,-0.7305170975160463,-0.2184824722869471,-39.54,20.9,29.93,-31.82,19.01,19.79,14.654151860786854,7.396259933798315,11.963753876835012,-1.2357419453123246,-1.0209403199868101,-1.6579907982069597,1
22.38,70.3,-1.78,-3.42,-4.26,-41.36,8.824788732394367,43.73605633802818,-26.194507042253516,25.799999999999997,74.56,39.58,0.4734656084438766,-0.5730236725319956,0.8999639089085738,3.37,70.3,-33.31,5.33,60.56,-33.28,7.233027312978679,28.820357509627485,13.201260053893105,-0.9923743444605115,-1.3685306574655403,-0.8634676303263364,1
22.91,109.11,7.16,-0.82,1.46,-22.64,15.879772727272728,50.936704545454546,-10.677500000000002,23.73,107.65,29.8,-1.138347092209804,0.14424812978404392,0.5474388371150011,21.66,1.46,-16.14,18.634999999999998,45.745,-15.19,6.952262871846561,37.71913556808554,9.821969258434704,0.10699103447479041,-1.5063175754025606,-1.1310959852227147,1
48.5,117.26,-0.15,-1.81,-2.65,-19.34,28.030224719101124,72.26876404494382,-11.579101123595505,50.31,119.91000000000001,19.19,-0.36060617553046653,-0.49518462123578877,0.2518051448382499,-1.81,-2.58,-19.34,33.82,86.0,-11.93,18.826247752642676,42.41267840497286,6.231520931891786,-1.4815480424814256,-1.261105996338835,-1.146115531866052,1
19.43,74.87,-1.74,-15.59,-6.22,-23.72,4.008275862068965,43.46737931034482,-10.914896551724139,35.019999999999996,81.09,21.98,-0.0625222058624827,-0.5730279726631715,-0.5131428219486732,-3.08,-6.2,-8.95,-0.96,53.17,-8.95,12.187545386360199,31.970409508895386,7.062312907963517,-1.5334304980782851,-1.3088239226795533,-0.8928745343692115,1
-0.79,64.56,0.92,-23.2,-3.73,-22.17,-10.100279720279719,28.7006993006993,-6.2341258741258745,22.41,68.29,23.090000000000003,0.10404608649163895,0.0684780376618821,-0.5753768183525875,-0.81,-3.67,0.7,-14.41,25.87,-8.21,7.76839985359874,30.829867446742384,6.8516505416574525,-1.5813477801979434,-1.8689246479475616,-0.5765572133700756,1
1.82,84.4,3.86,-36.97,-3.58,-5.61,-18.157365269461078,38.66730538922156,-2.081796407185629,38.79,87.98,9.47,0.08949891846786846,0.06686576044663507,0.5240045976338424,-9.62,-3.2,-4.69,-18.44,35.77,-3.26,12.992049535851814,32.38930546195665,2.764753198022405,-1.4597071642977044,-1.6020745910652683,-1.1905895010159144,1
49.1,97.52,43.52,-1.33,-3.47,1.27,22.230641025641024,54.81948717948718,23.131153846153843,50.43,100.99,42.25,0.07019861295083327,-0.3127904576981752,-0.0861649837153174,1.04,-3.47,5.34,20.525,63.63,24.11,19.166917635352018,37.347241544979816,16.011471527111766,-1.699262116874176,-1.4797620330522894,-1.668508023144945,1
40.92,48.09,1.42,-15.96,-11.87,-32.99,13.764583333333333,22.097083333333334,-14.793854166666668,56.88,59.96,34.410000000000004,0.047236090521004546,0.043222032098749426,0.15545313406980332,-2.54,-1.81,1.42,7.970000000000001,16.36,-16.72,21.931701366432765,22.260006360280364,10.085221486762993,-1.7643061057599772,-1.7736573794265242,-0.7845826887719287,1
47.37,12.68,-0.07,-1.4,-2.59,-26.97,30.77513888888889,3.643611111111111,-16.466597222222223,48.769999999999996,15.27,26.9,-0.7470864279362919,0.47712499453303314,1.027547430284956,47.3,-2.59,-16.6,40.485,2.88,-16.81,18.53029838707524,3.90012777766303,7.175341083955757,-1.134787079453315,-0.6085617377542984,0.4805075746652525,1
46.61,72.09,6.54,-4.16,3.2,-13.05,35.228759689922484,58.65868217054264,1.661550387596899,50.769999999999996,68.89,19.59,-1.4234631251616432,-1.7817471547945416,-1.6695633283383737,46.18,66.54,2.09,44.49,66.71,2.77,17.83126259111827,19.967198736806033,4.536050846961571,0.2712494606866849,1.6917859401804183,2.2537480541537684,1
0.99,68.0,7.76,-25.09,-0.02,-1.15,-12.463120000000002,39.226639999999996,2.7728,26.08,68.02,8.91,0.06520156562057433,-0.2925502566903721,0.37090919641481185,-0.06,-0.02,0.23,-13.3,44.54,1.14,10.20385781288626,24.93947611138614,3.2116529326812384,-1.6513339812867998,-1.4978911481076964,-1.576452831010901,1
25.54,162.69,23.14,-20.5,-3.09,-10.49,6.218670886075949,103.85189873417723,7.5094936708860756,46.04,165.78,33.63,-0.291939183018583,-0.6494122973573129,0.023225729215211353,-2.13,-2.96,1.99,9.22,134.305,5.4350000000000005,14.708887441014822,62.03380751554608,11.494617661613143,-1.3269929018448154,-1.1876566697827586,-1.3847078569652673,1
3.14,-0.14,0.75,-19.37,-68.7,-74.52,-10.207303370786516,-48.09561797752809,-40.54573033707865,22.51,68.56,75.27,0.38284952714502185,0.8160204548395146,0.25503448847852483,-19.35,-68.16,-73.98,-13.41,-64.32,-50.73,8.080212168207408,24.21233147395394,30.405564462928563,-1.464560832872318,-0.8452310991341769,-1.6756086683920464,1
9.12,-0.13,0.5,-4.76,-50.66,-84.09,2.6721428571428567,-32.358125,-53.76660714285715,13.879999999999999,50.529999999999994,84.59,0.006729824373539941,0.5404812637850069,0.6013018692053054,8.96,-50.66,-83.85,2.08,-29.59,-67.69,4.848142948699059,15.13759307693751,31.788331938261432,-1.4257979056469825,-0.7128025383889152,-1.2477738290524598,1
-0.9,-1.95,1.16,-7.61,-44.09,-26.78,-3.036148648648649,-30.614797297297297,-14.56304054054054,6.71,42.14,27.94,-0.9316450161382236,0.875314951065267,0.2854714943738237,-1.19,-41.3,0.65,-2.295,-41.33,-17.635,1.9830612165826826,16.373531354383076,11.38586402250163,-0.3890849762651687,-1.0299403246639331,-1.6510996711762462,1
8.65,0.13,0.75,-11.2,-67.15,-85.7,-4.0014,-46.628299999999996,-47.74209999999999,19.85,67.28,86.45,0.5915744240448033,1.0335814561928935,0.28392941316032505,-10.91,-62.76,-85.7,-8.26,-58.864999999999995,-59.545,6.881400005812771,22.303426062154667,35.55572072944099,-1.2058696094416608,-0.4938873419943408,-1.6595967116218346,1
26.4,0.66,23.26,-2.44,-94.58,0.66,11.33,-56.07322222222221,14.514999999999999,28.84,95.24,22.6,0.13045204795085355,0.42641162728477106,-0.7795164172712783,26.4,-93.37,14.44,10.64,-69.34,14.815000000000001,11.436879722099809,37.25594913948577,6.726465680842768,-1.6913259845060942,-1.4700561728729382,-0.3868295968872668,1
19.08,-1.21,22.58,-2.84,-66.22,0.5,11.974631578947372,-51.92942105263158,12.880263157894738,21.919999999999998,65.01,22.08,-1.2160608636610322,1.5928617328519865,-0.6134405932880226,14.9,-63.32,13.33,15.44,-63.06,13.1,7.18674801071591,21.208633847205245,4.9076863917962,-0.27047142225263965,0.861726864622752,1.3005790833374498,1
9.66,5.13,28.92,-3.51,-59.02,0.63,3.3578899082568805,-30.098532110091742,15.344862385321104,13.17,64.15,28.290000000000003,-0.0512548724802765,0.19611967641608197,-0.37556723312084517,-3.3,-58.96,15.42,3.51,-43.42,15.99,4.9443187809913,26.514205291672784,8.389393654996374,-1.5387119889797753,-1.7917286174686708,-0.7840854856997495,1
50.27,1.9,4.6,-0.99,-58.9,-96.77,15.348965517241378,-37.46434482758621,-37.63813793103448,51.260000000000005,60.8,101.36999999999999,0.6445339891692392,0.7864969342347674,-0.2933739328309492,-0.85,-54.66,0.75,2.61,-52.17,-26.22,18.218967824358707,23.395384360987432,38.91022454026806,-1.214134265439211,-1.1742224011350475,-1.6141501258043203,1
23.76,49.27,47.08,-2.47,-47.11,0.62,12.020304347826087,-13.610000000000003,28.44621739130434,26.23,96.38,46.46,-0.026293668433775178,0.4757015031192706,-0.7430017428011445,23.18,-46.6,37.73,8.629999999999999,-27.695,37.76,10.404831670012035,34.41292012172678,16.261376701054882,-1.780371078817541,-1.3287078585272476,-1.1630838849634064,1
0.76,37.61,13.13,-11.98,-12.61,0.1,-2.7545054945054943,11.712252747252746,6.089890109890109,12.74,50.22,13.030000000000001,-1.1867743876222252,0.151331694076418,0.18016707276056082,0.73,-9.74,12.58,-1.51,8.975,5.83,3.612056661639306,19.67081066397308,4.813813455870943,0.5103729014689886,-1.686277609867195,-1.5259354511429941,1
70.48,-0.84,17.29,-1.6,-143.87,-10.66,47.22911242603551,-94.65674556213018,0.03390532544378642,72.08,143.03,27.95,-0.8308418422536479,0.6325488172343694,0.3711138307656744,-1.6,-142.1,-9.98,61.23,-124.49,0.86,27.11932503467726,54.15347133338703,9.879654733230382,-1.0031823013171755,-1.250729305120433,-1.3198060456321286,1
53.06,-0.57,31.57,-1.41,-168.71,1.19,29.751656804733727,-97.30177514792899,18.182189349112427,54.47,168.14000000000001,30.38,-0.7516947495438254,0.46734378742568755,-0.8476228017036943,-1.4,-134.3,21.18,37.7,-122.35,21.85,17.79885677734505,60.764570087460825,9.132345431299287,-0.9243801029335668,-1.3685193107297033,-0.698352853877449,1
27.41,0.66,4.74,-0.42,-117.72,-23.17,18.682857142857145,-68.79908163265306,-7.858673469387755,27.830000000000002,118.38,27.910000000000004,-1.0895694532152873,0.3687943097441619,-0.2610241813613121,22.85,-117.72,-22.75,22.53,-80.945,-4.97,8.742734476263646,43.56402009819325,10.8540032714122,-0.2640381123511779,-1.4429330401662992,-1.6203225483062071,1
4.46,-0.27,0.4,-1.32,-84.11,-40.84,1.6419417475728155,-56.877961165048546,-20.221747572815534,5.78,83.84,41.24,-0.1731583896405262,0.7550260747685488,-0.0017654441291642346,-1.26,-82.03,-39.87,1.92,-74.68,-19.62,1.6476945106694232,31.06713845785699,16.364357339069155,-0.8763085418120031,-1.072507478280501,-1.6708728139383031,1
52.92,-0.98,21.29,-2.69,-54.14,0.65,25.376268656716423,-25.283805970149256,10.05544776119403,55.61,53.160000000000004,20.64,-0.21049974847535594,-0.20311308142469886,-0.04041336405390742,-2.44,-53.44,0.65,33.78,-22.89,10.91,21.385347322569444,20.762213409553542,6.705300155298362,-1.7019281829521749,-1.6527509771676525,-1.189118260513861,1
53.93,2.0,-0.37,2.7,-98.39,-100.26,33.1457281553398,-64.33281553398058,-59.95970873786406,51.23,100.39,99.89,-0.2866516462184561,0.7178034165872047,0.37425763403505685,53.83,-98.22,-99.8,32.72,-82.99,-69.58,17.32842451910877,36.75621232526486,37.16523554243771,-1.2549893171671354,-1.0641149103044207,-1.4378595161324417,1
4.36,0.5,0.39,-10.08,-49.56,-90.44,-4.040967741935484,-30.547258064516125,-43.43967741935485,14.440000000000001,50.06,90.83,0.29065443917887057,0.8117468007745462,-0.026788260590970305,-9.92,-44.77,-90.44,-5.98,-40.945,-42.650000000000006,5.486836361422121,17.790952137692372,34.63375460386093,-1.6757142242823162,-1.0408559112045985,-1.6022075811785297,1
23.97,0.21,33.87,-3.99,-70.39,-0.07,6.31263157894737,-36.62543859649122,21.12438596491228,27.96,70.6,33.94,0.4566433288285473,0.23635328605052625,-0.7170270701420371,-2.76,-0.18,28.9,-0.22,-46.65,28.63,10.210544519788439,26.041724083260803,12.63482489239789,-1.4996491979001758,-1.5340454224078217,-1.2083091285598464,1
20.22,1.02,1.02,-14.65,-42.24,-83.4,0.0022033898305083375,-25.339322033898306,-32.14203389830509,34.87,43.260000000000005,84.42,0.49922351649783064,0.7613172517269731,-0.36756017295790494,-0.65,0.99,0.64,-0.85,-33.27,-23.88,9.974168002819237,15.54395232164748,31.936342710050038,-0.6367015860101888,-1.1105611674047513,-1.4782405682912674,1
2.08,0.17,10.15,-9.15,-72.05,0.41,-1.3259615384615384,-51.20230769230769,6.002307692307692,11.23,72.22,9.74,-0.8389875986684722,0.9905754034360374,-0.6934655977931593,-0.29,-72.05,0.76,-0.33499999999999996,-68.42,6.41,3.4309332435355886,26.50357306212073,2.9650587718812687,-0.5791429446672192,-0.7190980651554417,-0.5523616172229522,1
2.95,17.47,11.29,-13.01,-4.95,-1.51,-6.129111111111111,3.0885925925925926,5.098814814814815,15.96,22.419999999999998,12.799999999999999,0.4238893554550497,0.3840304218610036,-0.06564440822411638,-12.33,-4.16,0.26,-7.13,2.26,5.72,5.176933522014554,7.57755498169996,4.962562517841385,-1.1946947829436305,-1.2979778940759288,-1.867756465954315,1
20.82,-0.21,1.05,-2.78,-108.65,-71.03,8.970105263157896,-64.41326315789472,-34.809684210526314,23.6,108.44000000000001,72.08,-0.00702713254758473,0.4306439473922043,-0.015898976078060498,-0.98,-108.65,-71.01,9.13,-74.29,-33.45,8.545894981893428,38.63731761535336,28.087060532814057,-1.5392527464520553,-1.3330529900106651,-1.6089360573171623,1
2.22,-3.48,-0.1,-17.64,-35.55,-64.69,-8.74164705882353,-18.746823529411763,-27.952352941176468,19.86,32.07,64.59,0.34772090008012846,-0.049385044855099806,-0.26607953963409775,1.59,-35.55,-0.11,-13.51,-17.45,-21.47,8.083405637413103,11.882358273732061,25.865601124321298,-1.6886215095127959,-1.6430731664947233,-1.6225676634047785,1
68.6,13.61,16.64,-3.05,-46.92,-6.23,42.90584158415842,-16.58,5.8395049504950505,71.64999999999999,60.53,22.87,-0.6962585893840432,-0.08703296318092013,-0.0753361077764083,-3.05,-1.65,15.02,59.47,-14.55,6.18,26.740119014054432,20.101735258331296,6.75896212904442,-1.2057011676833298,-1.478672646353616,-1.181158558755195,1
2.95,21.96,6.25,-102.64,-63.51,-65.41,-42.06639455782313,-21.47850340136055,-18.20020408163265,105.59,85.47,71.66,-0.3033199647306723,-0.10234459733973768,-0.948408749778733,0.95,0.01,0.01,-30.73,-6.76,-2.82,41.32298444526208,31.730783104103313,24.870679003758838,-1.5674696704882156,-1.6700542862811094,-0.7739254165702505,1
9.71,-0.79,2.92,-0.9,-50.22,-17.17,3.6187654320987654,-27.039506172839506,-5.45074074074074,10.610000000000001,49.43,20.090000000000003,0.2557804832874566,0.21066689304247063,-0.5301478871834564,0.29,-50.22,0.84,2.71,-27.19,-1.69,3.4294589368147985,15.675969491843913,7.084950800560643,-1.551269774176306,-1.140119708166234,-1.3656436270899517,1
3.17,-0.25,0.43,-15.26,-70.17,-61.61,-6.702077922077922,-36.30844155844155,-31.991688311688314,18.43,69.92,62.04,0.4360107005446939,0.21469947327760713,0.36342185667139043,-11.14,-0.26,0.26,-8.81,-39.56,-42.9,6.084169652266817,23.51059021200264,22.436169395634444,-1.3078433491867838,-1.2859673283561817,-1.443130284527637,1
2.22,-0.19,4.55,-54.79,-53.77,-2.37,-40.58871428571429,-39.089571428571425,1.6750000000000005,57.01,53.580000000000005,6.92,1.3075148472660187,1.0166096631183212,-0.21825480359575325,-54.79,-52.76,2.1,-49.230000000000004,-50.72,2.1,18.656339437415948,19.30065942143016,2.1765354186347228,0.1755074963858485,-0.6854248820682809,-1.2491671492596368,1
15.09,-0.92,0.34,-1.6,-42.47,-67.15,5.580865384615384,-19.96105769230769,-28.141249999999996,16.69,41.55,67.49000000000001,0.2872925329652927,-0.12252581619021825,-0.3026648666280265,-1.35,-41.86,0.34,2.925,-20.43,-20.25,6.73154601492922,14.74081030012814,26.532658819168933,-1.661917679364678,-1.4397701849208344,-1.5914960177216297,1
-1.96,0.28,11.56,-26.67,-83.96,0.56,-10.533203883495144,-46.86611650485437,5.243786407766993,24.71,84.24,11.0,-0.894974459262723,0.31322550641040875,0.39099983035353764,-26.67,-83.95,2.3,-8.64,-57.61,4.51,6.742570195550557,33.7082415445431,3.6040694681259113,-0.059291536633966135,-1.6277886806664208,-1.2269142865079037,1
2.18,0.42,2.23,-40.75,-98.24,-52.75,-17.761505376344086,-56.846559139784944,-30.178924731182793,42.93,98.66,54.98,-0.06287202341647079,0.348109025624411,0.37823079509102403,-40.75,-98.24,-51.84,-17.81,-62.59,-38.91,15.095778370642648,31.85273298970073,22.110832136501063,-1.4878474980228624,-1.1282130461077313,-1.5794961881284677,1
6.41,85.74,17.02,-11.19,0.36,-2.16,0.41151515151515156,52.91393939393939,6.94050505050505,17.6,85.38,19.18,-1.1300700013536782,-0.6070156011309952,0.02538563724219185,0.99,0.45,-2.16,1.47,66.82,6.8,4.913204711041329,31.412171571940288,7.309002526114091,0.2607464857893058,-1.2329431700309428,-1.7099296762164362,1
1.61,-0.26,0.43,-28.59,-94.86,-39.13,-18.39327433628318,-63.97592920353981,-25.90442477876106,30.2,94.6,39.56,0.848317074566639,0.8001241915305537,0.7112961366449888,-28.58,-94.62,-38.5,-23.63,-75.37,-34.3,10.886982194994172,31.60292006887882,14.783540353280912,-0.8915598963013509,-0.7353370504618191,-1.1301911621136873,1
-0.12,1.08,3.29,-16.34,-61.91,-1.14,-10.3071,-42.4145,1.0734000000000004,16.22,62.989999999999995,4.43,0.7206774032461494,1.0107814141275264,-0.14422748117123035,-16.34,-61.9,-0.63,-13.455,-50.065,1.35,5.515492959835956,20.769479260443678,1.4160728936039981,-0.9645154759942267,-0.332726342079805,-1.4571171727858219,1
0.3,32.61,10.02,-17.28,-3.74,-1.93,-10.779444444444444,21.055555555555557,5.143555555555555,17.580000000000002,36.35,11.95,0.8403766230918129,-1.0183344995395878,-0.27543510861493053,-17.22,28.56,0.37,-12.895,28.63,5.955,6.25229830828652,12.943675599484537,3.8016722376434737,-0.8852086359636795,-0.7292516126213999,-1.4493647701762338,1
4.05,73.0,-2.19,-10.58,6.18,-25.33,-3.9831147540983607,39.44959016393443,-9.895163934426229,14.629999999999999,66.82,23.139999999999997,0.335763453007632,-0.024671844295593985,-0.24428952455745398,-2.42,7.61,-2.71,-2.52,45.224999999999994,-12.455,2.9959549455911088,29.331743069094593,6.66963700361652,0.3896612064259477,-1.8629752504866042,-1.0611257715729647,1
6.25,49.12,18.35,-14.42,-17.06,0.39,-0.6575,18.009038461538463,9.51076923076923,20.67,66.17999999999999,17.96,-1.1248144894600103,-0.07824889515054338,-0.26034204251554355,-14.42,48.96,0.39,0.11,17.48,11.675,5.263281688701012,24.265889422398246,6.335305179387676,0.4543856679693814,-1.5936226616372324,-1.6052609839010312,1
51.65,174.79,7.63,-0.62,-0.25,-4.11,30.681007751937983,107.0927131782946,3.8036434108527133,52.269999999999996,175.04,11.74,-0.7409396130655116,-0.4232582912351012,-1.3647084652985828,37.05,172.96,5.83,37.49,120.73,4.59,15.291215537943572,57.71681127272518,2.8621225760414317,-0.8525939866926455,-1.226800494323674,0.9692340919440601,1
0.47,1.6,57.09,-76.32,-40.87,-0.06,-33.80374449339207,-21.775814977973564,33.04017621145375,76.78999999999999,42.47,57.150000000000006,-0.04404120551190332,0.3875946245923696,-0.6664096882388915,0.39,-2.2,0.04,-32.47,-25.88,34.53,21.77080358236556,14.634403483059154,15.844548471588233,-1.0273393118792782,-1.4450099936452403,-0.073967828534375,0
25.83,10.43,110.59,-3.17,-54.2,17.68,9.564070796460177,-31.019734513274333,81.35061946902654,29.0,64.63,92.91,0.4885083233741593,1.1653451602940312,-0.8283162334392673,6.75,-54.2,17.77,7.994999999999999,-36.275,105.84,7.602866673742522,19.170338628082643,34.895687914332456,-0.6525319615079237,0.11495414849259022,-1.0211052519623125,0
7.94,-40.65,57.4,-7.16,-65.34,27.72,0.13616161616161618,-55.29757575757575,40.20717171717172,15.100000000000001,24.690000000000005,29.68,0.45044347194175927,0.2780663864733629,0.5086758123301128,-0.32,-65.3,32.31,-0.33,-57.13,32.85,3.908161288988583,7.736612038885004,10.793194548717855,-0.36030188933635854,-1.3976395282729497,-1.426244606787814,0
11.17,0.45,99.85,-17.25,-64.05,0.11,-3.31284789644013,-35.80029126213593,64.35792880258899,28.42,64.5,99.74,0.06843506225154121,0.8425096966874395,-0.7133474408540231,0.99,0.36,91.57,0.83,-44.27,91.57,9.714506966962796,20.58573404553463,39.3577166978892,-1.5941670018335339,-0.7607999309042874,-1.2562270366030537,0
74.28,-7.96,73.29,11.6,-58.81,2.62,38.52363184079602,-31.274975124378106,30.971542288557217,62.68,50.85,70.67,0.058212113067829474,-0.20126562203861342,0.34231311034211187,11.82,-8.08,2.77,41.34,-22.1,16.38,18.1927702343481,20.92951385896279,29.26930851599386,-0.8982201142259245,-1.7395685474597902,-1.6979356288263687,0
44.45,-61.8,-13.82,12.64,-82.75,-46.31,30.699510489510487,-73.22160839160838,-31.614195804195802,31.810000000000002,20.950000000000003,32.49,-0.13678709305208364,0.30358234907094334,0.632510952515642,22.01,-71.09,-41.23,32.41,-72.98,-35.92,10.564349425372038,4.606779687742633,10.478445035751015,-1.644974097165553,0.3185992196293763,-1.0057157870825286,0
4.61,2.83,17.39,-86.63,-2.97,7.54,-53.48389610389611,-0.22974025974025974,15.449090909090911,91.24,5.800000000000001,9.850000000000001,0.4753240470108141,0.1870093440531505,-2.153550420810839,-85.17,-2.55,16.54,-67.02,-0.03,16.24,33.738687845671286,1.9818088117427552,2.2421651072922604,-1.4193467318272694,-1.4102165665498287,3.7203217596946105,0
3.89,5.36,26.91,-75.37,-0.49,0.58,-36.69859154929577,2.875633802816901,13.222253521126762,79.26,5.8500000000000005,26.330000000000002,0.10492513449028665,-0.2620851800347208,-0.09776623060267724,2.75,2.25,1.21,-40.14,2.68,15.83,30.96679158574324,1.6061674551766505,9.343522603384251,-1.6852900403335833,-0.7449679697218219,-1.4592630786326393,0
0.55,32.39,141.33,-61.43,-1.66,0.05,-37.09674074074074,11.32362962962963,73.08562962962962,61.98,34.05,141.28,0.741097353685309,0.5862292357684052,-0.103587511532819,0.52,0.11,132.95,-48.66,7.26,77.79,21.8899691159158,11.203346894593755,55.184528314957156,-1.0984177042092902,-1.1205993892132982,-1.6775893771607393,0
0.13,0.46,7.16,-66.21,-8.34,-18.07,-38.68717391304348,-3.3857608695652175,-4.046195652173913,66.33999999999999,8.8,25.23,0.5383907881399836,-0.14763681110830443,-0.3875550529680364,-66.21,0.46,7.16,-50.535,-3.5,0.59,24.83287089314969,2.3455189625509747,9.213571728987542,-1.3850025117880356,-0.7238555728886817,-1.5053143906951134,0
0.31,47.95,108.9,-39.33,-0.6,0.31,-25.08658536585366,26.41530487804878,75.76628048780489,39.64,48.550000000000004,108.59,1.0372320928769336,-0.4921097206542158,-0.8737920735824317,-36.85,0.34,107.18,-27.725,26.090000000000003,94.205,10.294404082483084,14.204710976695008,37.74613921713551,0.4743033993096941,-0.517593807622271,-0.7659816151355607,0
-0.81,51.06,181.01,-77.56,-10.4,0.12,-50.286448598130846,7.619034267912773,116.91691588785048,76.75,61.46,180.89,0.9260248728045404,1.1117295006622685,-0.7706013090119354,-1.04,-2.46,0.13,-65.34,-2.47,160.82,28.175322046682513,20.032897305601345,68.64340464144117,-0.9256799969948757,-0.271478908927294,-1.1212701663099647,0
0.05,25.98,147.64,-76.22,-92.21,-0.19,-39.64271604938271,-24.591296296296303,81.4172839506173,76.27,118.19,147.82999999999998,0.25308447915687377,-0.43628813383202847,-0.2910811652618198,-71.85,-0.21,-0.18,-40.755,-2.14,97.33,23.59099815305922,39.647752651252816,57.582274686357906,-0.9280786571437782,-1.3486536420748536,-1.5559562481843106,0
-8.2,-15.59,50.19,-65.81,-53.85,-86.19,-33.19544554455445,-42.98594059405941,-9.40113861386139,57.61,38.260000000000005,136.38,-0.21019935728152658,1.0126928487313744,-0.3858410077421018,-15.53,-53.24,39.74,-30.89,-50.18,23.355,18.608296298643886,12.86958084958464,56.26814134909537,-1.6003091921040697,-0.5691612581479104,-1.6710072334141328,0
-18.47,51.33,-3.61,-49.51,-35.95,-95.74,-35.02870813397129,2.7832057416267943,-51.33148325358852,31.04,87.28,92.13,0.03954066313304246,-0.0014544543343819939,0.05415524608827071,-47.16,-35.16,-95.74,-34.54,19.22,-55.25,9.574790352420498,31.83659076805791,40.894273334782014,-1.4943667697412333,-1.6200186606885223,-1.8343511539556911,0
-0.36,0.3,73.0,-40.22,-59.74,0.02,-19.225109489051096,-27.531386861313866,42.05897810218979,39.86,60.04,72.98,0.04350475242119511,-0.14964941695176137,-0.4929840800090344,-27.59,0.22,0.03,-17.32,-22.0,59.63,12.607972747941266,23.9872072104163,27.9377343203726,-1.2417320779159817,-1.73335297153375,-1.4645045277024182,0
0.01,66.29,102.37,-86.26,0.21,0.49,-57.41204419889504,35.56132596685082,61.463867403314914,86.27000000000001,66.08000000000001,101.88000000000001,0.8402848066038366,-0.3075101771858467,-0.5058852820183648,-86.06,0.35,0.52,-75.61,44.78,89.14,32.88822890934728,25.440985669446302,39.606243291874144,-1.0176241443763898,-1.5384949033034487,-1.4931857551308434,0
-4.3,-11.7,7.41,-81.03,-87.04,-108.7,-48.244083333333336,-44.87958333333333,-54.366416666666666,76.73,75.34,116.11,0.43466523379512073,-0.37340271746753606,0.07872031203356131,-4.43,-87.04,-107.76,-64.255,-30.880000000000003,-58.55,29.562459513596895,27.025104452336947,47.17511603581973,-1.567572533160969,-1.5021087162983109,-1.7245565039060091,0
-1.71,55.39,104.33,-35.73,-27.15,8.31,-12.91152380952381,8.11904761904762,46.88823809523811,34.019999999999996,82.53999999999999,96.02,-0.559114529533546,0.19712245955995825,0.36762302112434797,-2.95,-24.05,8.88,-11.865,-0.805,22.525,9.859625828981967,31.74689498199363,40.58668355672568,-0.8662519922189107,-1.726022871316312,-1.6894999059273095,0
-2.17,9.39,35.1,-19.39,-14.05,-7.2,-9.931264367816091,-7.0416091954023,16.159482758620687,17.22,23.44,42.300000000000004,-0.2068317583358491,1.2394435194505307,-0.5644490925588191,-11.07,-10.83,-7.19,-10.21,-10.095,23.685000000000002,4.549257563425654,6.527403133204178,14.328757606996062,-0.8771186316902577,0.41146599338721757,-1.2341826074927957,0
-0.08,1.05,25.67,-116.29,-47.03,-53.26,-71.18821052631581,-21.518526315789472,-22.034631578947373,116.21000000000001,48.08,78.93,0.46627117527912015,-0.16883874595523735,0.451096202053479,-116.29,-45.73,-43.79,-85.905,-13.405000000000001,-42.974999999999994,42.018590972617105,20.240795723302615,28.160939364959003,-1.2532190898850233,-1.7915600276572545,-1.4967106611150747,0
0.5,69.29,73.28,-20.23,0.16,0.34,-9.548303030303032,47.87660606060606,42.010666666666665,20.73,69.13000000000001,72.94,0.2140686507319959,-0.9753979027161201,-0.4406112103795293,-12.92,65.24,38.0,-9.83,63.12,42.08,5.204814976392116,25.410456675966596,21.450486273596162,-0.5161270571664818,-0.7398275533832757,-0.6556086564400361,0
8.36,101.78,-35.67,-122.71,-10.19,-95.78,-54.27526011560693,40.15682080924856,-59.55641618497109,131.07,111.97,60.11,-0.06997817564404257,0.1837648362230318,-0.6573249304058327,-105.26,-9.73,-45.62,-48.81,31.9,-45.58,48.95789218901585,46.45205192500149,22.22673849036956,-1.7879363800575474,-1.7020106237555575,-1.340678275790259,0
0.76,12.69,25.53,-24.85,-54.9,-24.71,-14.34113043478261,-26.048130434782607,-8.298695652173915,25.610000000000003,67.59,50.24,1.1641771139905501,0.31637811508889657,0.5779810330800501,-18.0,-48.57,-24.32,-17.799999999999997,-40.505,-15.805,7.131258107822074,25.23947347484362,17.204224280137872,-0.035999576515915344,-1.6954809701858835,-1.1243187253903295,0
-24.99,35.53,111.9,-57.94,-38.21,-14.13,-43.76655405405406,-8.228243243243242,27.641824324324322,32.95,73.74000000000001,126.03,0.25500061909845395,0.36176404976144566,0.750133461236149,-41.47,-38.11,-12.8,-43.495000000000005,-18.36,5.23,9.357338261582337,29.263740725309365,46.065872650186414,-0.8141708414547724,-1.575112555168346,-1.0514747669829116,0
6.6,43.88,15.91,-104.84,18.09,-40.61,-53.3357458563536,26.181657458563542,-11.6178453038674,111.44,25.790000000000003,56.519999999999996,0.1499647663044454,0.9218808687250104,-0.07480474041992077,-104.65,18.21,-39.2,-61.25,21.44,-6.61,46.68317564746529,8.12176344470375,24.75757182682905,-1.7275743540354764,-0.606047911403246,-1.8401140360073667,0
18.53,34.56,86.83,-8.4,11.71,5.44,1.4660000000000002,27.897185185185183,59.5897037037037,26.93,22.85,81.39,0.6321331371694834,-1.56215249842478,-0.6714417875307952,-8.4,29.2,85.61,-0.78,29.39,68.86,9.017362117357578,5.2445608723213635,27.4729848434513,-1.0212461362190566,1.6505201316241687,-1.0254682103707717,0
-23.04,37.43,70.29,-58.3,-2.41,-3.66,-41.91472049689441,17.107763975155276,26.447701863354037,35.26,39.84,73.95,0.027442450508440748,-0.10032242618280501,0.3659186869461543,-42.05,-1.2,-3.65,-41.77,22.2,11.66,11.371951058838185,15.228025568078621,30.90094925572519,-1.1040121275469825,-1.6764618500347142,-1.6344516408532217,0
-3.53,11.18,96.68,-73.95,-64.32,-13.93,-56.127195121951225,-21.206798780487805,30.100030487804876,70.42,75.5,110.61000000000001,1.508242279149656,-0.3286586337770096,0.5760565106039374,-72.87,7.83,-7.85,-62.665,-6.615,0.765,19.551070710146462,30.457788099445605,45.83570243802178,1.3399496473780568,-1.7075019552173556,-1.5273288409098629,0
-6.59,17.88,25.88,-71.77,-12.65,-38.8,-41.222692307692306,0.4566025641025642,-2.3141025641025643,65.17999999999999,30.53,64.67999999999999,0.25933755172192624,0.3228771317247191,-0.37388793339948606,-6.6,4.54,-38.75,-42.355000000000004,2.62,12.66,24.885919001442385,8.742505691454918,27.55213000449062,-1.4530588399812228,-1.0456010218103016,-1.6729964499609253,0
4.49,29.22,-43.43,-70.48,20.32,-67.44,-35.01035714285714,25.107440476190472,-58.14369047619047,74.97,8.899999999999999,24.009999999999998,0.16528653240870908,-0.34421055569223885,0.7449791589123415,-66.58,20.38,-59.36,-43.17,25.655,-59.15,30.414312476922397,3.3247316391924615,6.5571404699221025,-1.7115739209984986,-1.4518601120991546,-0.285570852917433,0
-8.47,79.44,72.44,-19.6,68.16,64.43,-11.655242718446601,77.45320388349514,69.13776699029127,11.13,11.280000000000001,8.009999999999991,-1.0214053552553701,-2.284448993984694,0.22226660935304882,-15.49,77.37,68.42,-10.1,77.74,68.42,2.9028609405407075,2.22145111918682,1.5976317011447254,0.018667801586622623,5.466121518590224,-0.12750360779280623,0
-28.01,55.1,38.35,-44.71,21.05,-43.94,-35.96981481481482,38.448379629629635,-2.239351851851853,16.7,34.05,82.28999999999999,0.010687980894113356,-0.06286760598679997,-0.08111132689344319,-28.24,21.05,-43.82,-35.505,39.620000000000005,1.445,5.486651812704593,13.3368967691122,33.121782576748274,-1.1582587303947893,-1.6302534129873354,-1.6670466211550754,0
6.78,16.48,46.58,-109.49,-8.59,-36.93,-54.212522522522534,2.241891891891891,9.024729729729737,116.27,25.07,83.50999999999999,0.10271434007252578,0.05700917813091374,-0.22245972271929945,-108.42,8.92,-36.78,-59.36,5.615,24.085,51.70278457081029,8.190416781298477,37.38520884310089,-1.824068632923215,-1.6914803979397661,-1.8024469129428862,0
-19.1,6.46,71.9,-90.71,-19.11,0.2,-54.911299093655586,-7.072114803625377,36.772900302114806,71.60999999999999,25.57,71.7,-0.3770420119556827,-0.08631699875997058,-0.05813353238782722,-90.5,-18.36,70.79,-38.18,-5.61,42.22,26.428668537572054,8.761842347829015,31.387192801376575,-1.585836256515996,-1.3569657440971894,-1.8669339685915645,0
-6.58,-0.03,67.17,-94.02,-34.39,-5.54,-71.4227922077922,-23.752727272727274,47.17321428571429,87.44,34.36,72.71000000000001,1.0968481507063885,0.9344054736929963,-0.9994088407511517,-93.45,-32.07,66.67,-91.83,-32.04,65.765,31.744260857647653,12.701686679730193,28.891531491790023,-0.457175477559995,-0.948694060533259,-0.8692962426341655,0
68.91,35.76,126.7,1.04,-0.3,-0.75,40.90785714285715,23.401205357142857,71.36919642857143,67.86999999999999,36.059999999999995,127.45,-0.6338094371782098,-0.9043265131587002,-0.3559406464267813,59.42,35.66,-0.66,59.09,29.075000000000003,103.615,25.849768855300212,13.451234040333565,53.827934283006826,-1.4254990853417981,-0.8412073821197055,-1.6999738161250169,0
47.55,22.2,87.51,-2.0,-13.5,-0.19,23.335777777777775,-0.5145555555555562,41.243277777777784,49.55,35.7,87.7,-0.11253128717803876,0.5565494914227841,-0.06371553697031901,-1.44,0.78,-0.19,28.305,0.7,46.33,21.3714117964359,10.853863486346551,36.200015574437344,-1.8263561967085975,-0.6427028487592366,-1.8246859360297352,0
55.8,25.76,14.82,-0.76,-2.38,1.19,30.87036809815951,13.424478527607363,8.416687116564418,56.559999999999995,28.14,13.63,-0.3800232573067101,-0.5928050814960288,-0.4290098457368786,-0.48,-2.36,1.68,45.86,18.0,9.98,23.306516792903178,10.478633191519894,4.771097423014475,-1.6936899196533868,-1.380211725809508,-1.424156292786811,0
68.33,62.12,89.98,-4.35,-10.95,4.18,27.8841567695962,26.025843230403797,38.12410926365796,72.67999999999999,73.07,85.80000000000001,0.26761031396230717,0.07957253704157957,0.521903158508421,0.59,0.71,5.67,14.96,21.16,24.91,28.456348686778124,28.50432938011527,30.963849659349187,-1.7037248274361123,-1.734268630917748,-1.369514722540914,0
1.53,14.79,31.63,-95.3,-4.03,-3.3,-46.966505576208185,0.8938661710037176,14.606356877323421,96.83,18.82,34.93,0.02462496866580387,1.907799403513583,0.04640734045739702,-0.21,-0.14,-0.55,-53.62,-0.12,13.08,43.47762803398853,4.305380216353559,15.306906164170968,-1.8936259009157648,2.8305036207181153,-1.9080602817834618,0
-3.68,36.28,60.12,-66.46,-7.5,-59.17,-30.548503401360538,15.642040816326531,-10.972312925170067,62.779999999999994,43.78,119.28999999999999,-0.18640729804814232,-0.3075307602782256,0.3317427097236807,-3.78,18.43,-58.97,-25.94,18.44,-21.39,23.438568725129986,14.039948588911798,46.600398425613136,-1.5113361842416195,-1.1365732076197121,-1.4970183846916978,0
17.44,57.53,89.98,-56.23,-51.34,47.89,-18.464736842105268,19.601387559808614,78.39818181818183,73.67,108.87,42.09,-0.08911646345243822,-0.6683385128199203,-1.0617825015675542,15.91,57.14,86.87,-15.24,54.69,86.59,30.855245551458438,45.95586147919299,13.741702761315254,-1.7904431267814291,-1.371719953057835,-0.34251913254818467,0
-5.37,80.7,40.74,-33.24,4.1,-65.36,-12.861530612244898,38.97163265306123,-22.311632653061224,27.87,76.60000000000001,106.1,-1.1673672276521114,0.14963575610909896,0.4436332634317245,-5.88,4.16,-61.66,-10.23,32.73,-49.95,8.385674963650908,33.62390384204877,44.46306169729778,0.14023291999723764,-1.798262322507901,-1.6191435231709548,0
-62.25,-10.26,88.23,-112.97,-43.12,-11.05,-79.51435406698565,-32.75626794258373,26.617368421052635,50.72,32.86,99.28,-0.9344354108876329,0.7876347656158001,0.5599391577628583,-67.72,-43.11,-4.75,-67.92,-33.22,-4.51,18.944320220105798,10.43668508872072,39.646092795331505,-0.9075775442753695,-0.6268283215525186,-1.4743577878806806,0
7.67,32.83,41.41,-25.22,14.04,38.31,-18.763529411764704,15.870245098039215,39.98681372549019,32.89,18.79,3.0999999999999943,1.735318189200256,2.785253845492959,0.05023141015416433,-24.27,14.19,39.58,-23.515,14.3,39.71,9.858813231194024,3.746779458745333,0.8314976711131021,1.3738171941722443,7.05707537686561,-0.8533881211368519,0
0.11,44.76,15.57,-92.38,-0.22,0.52,-29.39288732394366,17.131338028169015,8.068943661971833,92.49,44.98,15.05,-0.667808687205,0.435873131462706,-0.25167620655881756,-0.28,0.7,0.59,-15.73,12.36,10.760000000000002,31.910484117182207,16.34065961521703,5.830694364436702,-1.0677066398451567,-1.3846649919728706,-1.673707992737284,0
83.1,47.18,-58.38,-60.51,36.95,-67.43,11.297467532467541,40.904155844155845,-64.33266233766234,143.60999999999999,10.229999999999997,9.050000000000004,0.04627417657609071,0.7893488458454507,1.0257566246852374,-60.42,37.77,-66.65,7.460000000000001,38.89,-65.66,55.43282233152626,3.730009000598225,2.9144429959931,-1.632579365970784,-1.125898115241009,-0.502510902934457,0
-10.09,-1.93,1.76,-73.02,-17.6,-41.66,-57.018362831858404,-10.000044247787612,-19.2979203539823,62.92999999999999,15.670000000000002,43.419999999999995,1.621116246862636,-0.4752696520104622,-0.09713374265365374,-62.85,-8.14,-23.07,-62.855000000000004,-8.96,-18.69,16.462885113422058,3.6063430473310887,9.83814868605256,1.563825321165905,-0.3378393326466136,0.11367566044923905,0
-0.33,48.56,0.71,-61.51,-1.06,-14.14,-37.55965116279069,32.563255813953496,-8.18232558139535,61.18,49.620000000000005,14.850000000000001,0.49224294851982664,-0.869414831166932,0.5925315959025993,-61.11,35.65,-11.55,-48.43,38.64,-11.445,23.704484486316794,17.512402013527343,5.46566591496377,-1.4337002087689108,-0.7285058145410082,-1.371289455618606,0
58.44,-1.84,40.39,-1.55,-27.56,0.52,36.91490196078431,-17.624999999999996,24.7186274509804,59.989999999999995,25.72,39.87,-0.6754778003010614,0.834420897754054,-0.48782056173829225,52.5,-18.78,40.38,49.67,-19.86,28.259999999999998,21.525739710598277,7.527679869367869,14.411832423477025,-1.1818986154047377,-0.5187475750723638,-1.297106066301748,0
-0.5,29.16,0.94,-16.97,-0.52,-59.1,-11.786569343065695,17.187664233576644,-44.16065693430657,16.47,29.68,60.04,1.5559914095925411,-0.50742983956132,1.279638508654002,-14.2,-0.41,-59.04,-13.65,17.71,-54.63,4.716443271757065,7.979644748396923,21.404197084990336,0.9769998723108362,-0.4456372294799289,-0.08305091132452169,0
54.8,54.5,0.37,-0.11,-1.21,-34.12,30.42795698924731,34.53591397849462,-20.22193548387097,54.91,55.71,34.489999999999995,-0.2734686482395867,-0.9476081144705227,0.6661558655124192,53.66,43.39,-26.87,37.76,43.57,-26.83,22.410287027240667,18.895810495243918,12.515570195926792,-1.661824768955778,-0.7160734746906496,-1.2274923691046002,0
-0.05,34.61,0.45,-15.79,-1.23,-58.08,-7.72455882352941,22.01323529411765,-30.39602941176471,15.739999999999998,35.839999999999996,58.53,0.11617441745763436,-0.7614510118511034,0.137824467558081,-8.79,31.07,0.43,-8.79,30.115000000000002,-34.87,5.4540161763990165,13.415240174690748,24.06202482432004,-1.3854868136226295,-1.1175641715023656,-1.7324147679907886,0
29.74,104.77,-5.6,-9.18,27.61,-47.48,12.464166666666669,80.38285714285715,-33.749880952380956,38.92,77.16,41.879999999999995,-0.2418189920301312,-0.92473511474567,0.8717703203705531,-9.12,27.61,-47.48,15.524999999999999,89.095,-43.045,15.660812346528344,25.479130796054424,15.28881566733137,-1.6433431437003012,-0.5993073158214814,-0.9697156497493653,0
68.8,75.77,0.91,-0.95,-1.04,-33.97,44.197870370370374,56.651388888888896,-17.90092592592593,69.75,76.81,34.879999999999995,-0.6452365864272125,-1.1728888787081089,0.5133995117519025,67.7,75.17,-19.24,62.605000000000004,72.345,-18.935000000000002,28.69979526481775,26.850686261260012,10.037692993120613,-1.359072178889175,-0.24852008981678964,-0.36786317029517646,0
57.25,43.91,-1.38,-0.25,3.67,-34.65,36.52977272727273,34.39238636363636,-15.779886363636363,57.5,40.239999999999995,33.269999999999996,-0.8116299601025248,-1.7149497852311848,-0.8159625269899135,-0.14,36.86,-10.92,50.129999999999995,37.235,-11.0,20.891626094142072,9.845785092007436,9.422004406310863,-1.0566660388337383,1.8841434428849704,-0.6129822397430051,0
17.91,-1.43,73.85,-9.32,-58.31,0.43,8.251333333333333,-41.484148148148144,48.91125925925927,27.23,56.88,73.41999999999999,-0.50946667406303,0.9750670027532182,-0.8224317153978526,17.15,-57.83,70.1,15.48,-48.84,68.99,10.324207784153241,20.012723078459093,27.9515259884131,-1.504349725877493,-0.6088712455594942,-1.0774132037239346,0
0.05,3.7,0.73,-76.2,-52.92,-63.16,-41.79911392405063,-25.584303797468355,-31.910886075949367,76.25,56.620000000000005,63.88999999999999,0.33641112727206324,0.1532673304450501,0.0555561640235757,-67.92,1.78,-63.16,-57.74,-34.53,-33.87,29.33816666503724,23.120853849785703,23.465424777198535,-1.5697023226705742,-1.78797136751345,-1.5631173386779835,0
4.92,1.07,11.28,-64.18,-24.59,-5.74,-18.853389830508473,-7.665847457627118,0.5398305084745764,69.10000000000001,25.66,17.02,-0.7207885315156567,-0.7784468565274472,0.6042740422053279,-1.23,1.02,0.17,-5.29,-4.3,0.43,23.931015979209587,8.928436605252847,4.97830036734866,-1.0551362970129143,-0.9050035121708317,-0.5350983014379231,0
32.54,68.87,0.82,-0.21,-3.13,-50.96,21.265000000000004,51.42722222222222,-33.54342592592592,32.75,72.0,51.78,-0.7095165174030792,-1.2645587609537705,0.7898010136464969,-0.21,68.66,0.8,29.075,65.405,-42.94,12.857234128864746,24.59241477582413,18.98324222795605,-1.2202880344374307,0.028352703298589965,-0.9826178915553876,0
-0.97,0.21,1.84,-81.84,-39.85,-37.08,-38.793267326732675,-14.291485148514852,-10.391287128712872,80.87,40.06,38.92,-0.0962945610924063,-0.5376858904438703,-0.9109281279943776,-74.16,-0.07,0.31,-33.85,-3.79,-1.3,32.795794137159604,15.880746134685673,14.274992997405391,-1.7187977635770986,-1.5305459044067484,-0.8654771331206024,0
73.06,28.22,11.7,-2.54,0.6,-29.83,40.08545454545455,17.186212121212122,-8.255757575757576,75.60000000000001,27.619999999999997,41.53,-0.2908269644492562,-0.5959904868487592,-0.24091351736319058,-2.54,27.19,0.85,45.16,19.634999999999998,-3.5,28.193513233184547,9.582639568851565,14.647256446030292,-1.482078357353422,-1.0815394342651912,-1.5132232180497147,0
46.31,23.31,8.09,-1.73,-4.36,-9.01,29.49244094488188,13.558031496062991,-1.5596850393700785,48.04,27.669999999999998,17.1,-0.6926804027397089,-0.7630310886482217,0.12053733126621466,-0.79,-3.5,-8.59,39.05,17.54,-0.26,17.735059131230567,9.698539547444177,5.789665234091435,-1.1546939611482925,-0.9198449753259337,-1.4433670082248329,0
27.86,4.19,6.62,-2.69,-8.08,-0.37,15.878958333333335,-0.6560416666666667,4.149375,30.55,12.27,6.99,-0.5469610988362338,-0.48507149434697944,-1.1176679174797506,-2.47,-8.08,5.6,21.32,-0.28500000000000003,4.215,11.313421461473562,4.059948039273067,1.8743158821398453,-1.347422750335683,-1.1334378850149425,0.5372848922982496,0
48.05,16.42,5.04,-1.23,-3.54,-19.3,14.1236,4.241866666666667,-2.2001333333333335,49.279999999999994,19.96,24.34,0.7319155952093036,0.3722383001869239,-0.8483803986902697,-0.9,-2.04,4.99,6.64,3.14,0.85,17.024205249389276,6.825804117383452,7.748577072526857,-0.9670492028188273,-1.4469441247391088,-0.5534545182942479,0
9.22,17.43,24.35,-10.63,-34.9,0.57,-1.737537313432836,-9.199402985074627,12.550298507462687,19.85,52.33,23.78,0.22259514817821785,0.04161774156951245,-0.2818788746195838,-2.68,-34.81,0.61,-2.5,-7.555,14.135000000000002,5.264691233673742,16.295582807821212,7.906094375170477,-0.36459938723480567,-0.9991787436814823,-1.270528605282008,0
22.54,0.14,19.95,-1.66,-52.0,1.16,10.787037037037036,-29.271111111111114,13.104999999999997,24.2,52.14,18.79,-0.14625990289680987,0.31399892880578834,-0.8523421128674337,-1.63,-52.0,15.45,14.185,-36.26,16.11,9.783256980514025,20.530652482520487,6.320163133736108,-1.7556519549643324,-1.6181284253999808,-0.8512697931988003,0
38.63,84.18,-9.29,-22.09,38.21,-33.29,-1.6596969696969703,59.054444444444435,-22.52272727272728,60.72,45.970000000000006,24.0,1.1390657341291652,0.19592414173064113,0.24597405633419936,-10.21,49.64,-25.32,-9.52,58.1,-23.09,18.86711828641102,14.07272483520223,7.163250040857297,-0.10389180144447652,-1.3634728501606925,-1.1844638692201284,0
29.02,81.89,0.69,-8.78,-1.37,-53.38,5.458585858585859,45.1669696969697,-22.912929292929295,37.8,83.26,54.07,0.7524320603906062,-0.15406367833470105,-0.35834573139293746,-6.23,-1.37,-53.38,-0.48,37.33,-13.57,12.736317436315252,26.008522397128026,20.69762203940128,-1.1267636806650754,-1.071255539833511,-1.5864310017552725,0
23.27,0.51,-0.92,-3.74,-71.25,-67.11,9.1217,-32.0364,-33.5078,27.009999999999998,71.76,66.19,-0.0072146443733074215,-0.20061358127486315,0.2769706049777098,-2.84,0.33,-47.31,11.71,-28.310000000000002,-46.730000000000004,10.933357586304401,28.76073658722947,23.493008559143718,-1.8188664530950547,-1.5916263643300812,-1.52399787138278,0
-10.52,23.14,-6.17,-58.87,4.52,-58.41,-39.40654411764706,14.831764705882353,-35.557352941176475,48.349999999999994,18.62,52.239999999999995,0.49988929986858754,-0.49386136650323137,0.25161520493496814,-11.87,5.4,-57.37,-51.584999999999994,17.47,-44.245000000000005,19.554510739539342,6.764127686287522,22.06135016118134,-1.569039093396579,-1.4545024636632666,-1.7496030065880284,0
-1.68,7.04,0.38,-59.13,-32.74,-86.31,-32.692195121951215,-4.901585365853658,-46.87658536585366,57.45,39.78,86.69,0.14897700353219612,-1.2742330156374118,0.22304781593193332,-1.7,-1.38,0.38,-34.785,-0.615,-54.49,22.80582782944565,11.54470023795231,34.440950251030124,-1.7128277553294478,0.2782691920315017,-1.6689046349574141,0
-0.87,-0.04,0.67,-58.02,-50.03,-30.91,-31.04271428571429,-26.263714285714283,-10.788714285714285,57.150000000000006,49.99,31.580000000000002,0.1550301168269498,0.16563604013005942,-0.6441540105720001,-58.02,-50.03,-30.91,-32.584999999999994,-30.175,-6.16,20.597135370963507,18.86144784409485,11.031358797463138,-1.4617288936528212,-1.570578592111716,-1.122475831309404,0
49.16,33.54,22.5,-2.68,-2.58,-1.34,28.331724137931047,22.52494252873563,13.547471264367815,51.839999999999996,36.12,23.84,-0.3880689163519992,-1.1165537125453826,-0.5227092552186682,-2.59,27.97,-1.34,35.49,28.2,19.4,20.414778408964388,11.93360433201214,9.808284115157809,-1.5308679819551296,-0.3585437501332427,-1.4919296892982468,0
66.25,67.35,1.19,-2.36,-11.62,-56.97,26.201666666666664,28.589333333333336,-28.823166666666665,68.61,78.97,58.16,0.3712005667833434,0.034954592864211396,0.2460612959311395,-0.45,-0.87,1.09,11.34,27.64,-41.155,28.284418305648234,30.887742410578053,22.826499621541235,-1.6543735820643215,-1.8088279662851172,-1.6482040309200343,0
-0.13,26.98,-0.9,-24.99,-1.32,-40.84,-9.008275862068967,10.138045977011494,-13.70574712643678,24.86,28.3,39.940000000000005,-0.5312276366270969,0.19068497685674554,-0.7090297581889704,-0.21,-1.2,-1.19,-1.97,7.3,-2.62,10.127301691767853,11.164824569873323,15.473839000303684,-1.5126745850650136,-1.7643569113316766,-1.2162121472870848,0
0.88,18.05,3.45,-14.11,0.97,-32.2,-7.877368421052632,9.338315789473683,-12.598631578947373,14.99,17.080000000000002,35.650000000000006,0.4100498147730375,0.055450016386820955,-0.25180890582149396,-13.4,1.11,-32.17,-9.52,8.19,-8.46,5.680308036592885,6.337223475147552,14.129789256857773,-1.4546109007672856,-1.5169051423100404,-1.6689005014715268,0
12.27,2.46,31.94,-0.91,-24.01,2.84,3.962101910828026,-11.065222929936306,18.88324840764331,13.18,26.470000000000002,29.1,0.6307800527752147,0.0665560440493635,-0.28652378662766254,-0.89,2.28,3.22,0.95,-10.55,22.91,5.121359049305875,9.893645299230721,11.633142869178853,-1.405618715150761,-1.5453181777212437,-1.6441353904594016,0
17.94,43.01,0.8,-0.78,-0.95,-34.19,9.261139240506328,22.96594936708861,-19.811772151898733,18.720000000000002,43.96,34.989999999999995,-0.31267326968245174,-0.050618121351081236,0.39544399816159836,-0.73,42.7,-34.16,13.19,20.68,-26.5,7.110160493718469,16.06148680153607,14.423556309257197,-1.7063417890914447,-1.5210575535975974,-1.5908599287103264,0
-2.74,-0.63,1.28,-5.41,-13.01,-12.2,-4.642150537634408,-7.006881720430107,-6.253010752688173,2.67,12.379999999999999,13.479999999999999,1.2721830597031931,-0.01988743170319027,0.20065940087003642,-5.22,-12.6,-12.06,-4.99,-6.21,-7.48,0.8679587342928204,5.003770616630963,4.690741231506983,0.13752301837042236,-1.8577330863231183,-1.4207465455672537,0
1.61,2.66,10.06,-12.79,-17.15,-2.08,-6.102711864406778,-7.128813559322033,1.629322033898305,14.399999999999999,19.81,12.14,-0.08082849779990343,0.016465544063736005,1.3485722528031423,-12.79,1.34,-2.08,-5.95,-6.91,1.14,4.526148821488973,7.250459035087169,2.828857267284274,-1.4069480064247482,-1.5709910335625556,1.5503190351621496,0
37.51,51.09,0.34,-0.38,-0.79,-38.95,18.986551724137932,37.7728735632184,-26.09551724137931,37.89,51.88,39.290000000000006,0.0295852063998359,-1.221030751503968,0.8467567829226995,2.77,-0.79,-38.95,18.57,47.57,-34.96,14.557623576715656,16.84299267017183,14.255423630793327,-1.6899465672487788,-0.020538777802417307,-0.9864673315693611,0
1.53,-0.55,66.26,-45.4,-44.14,-0.41,-20.198470588235296,-26.025764705882352,37.848,46.93,43.59,66.67,-0.0444701193456416,0.284302843087851,-0.2571302708042407,1.42,-44.11,-0.4,-20.69,-31.56,44.61,17.05948351096538,15.49338389168825,26.89382486743007,-1.5483118275515242,-1.4748007340602338,-1.6528974355976385,0
13.12,7.71,0.37,-1.54,-0.56,-23.65,9.060485436893202,4.985631067961165,-16.725631067961164,14.66,8.27,24.02,-1.1158388874876246,-1.3669338452059845,0.9066907207336532,12.26,5.59,-23.4,12.07,5.87,-23.28,4.940955919194077,2.4465103619784223,9.19054069105764,-0.4370151097741837,0.3863251117735076,-0.9113162304149798,0
-0.04,-0.28,34.32,-7.4,-17.13,0.49,-4.893380281690142,-9.519577464788732,24.52323943661972,7.36,16.849999999999998,33.83,0.8931320703848781,0.7401112164586443,-1.0575278215810133,-7.01,-11.99,32.88,-6.51,-11.13,32.68,2.6743591801401547,4.403319310273168,12.923244673313745,-1.0167804080017397,-0.3461911365899262,-0.6929727611050764,0
9.14,-0.76,0.62,-19.78,-5.5,-12.83,-7.5306293706293745,-3.6908391608391606,-8.354755244755244,28.92,4.74,13.45,0.20887890040011023,0.5742013147524951,1.318457618207808,-18.17,-5.35,-8.74,-4.59,-3.66,-8.68,10.514143269653582,1.1532868786561365,3.1199710488543437,-1.5353085692017716,0.0914591602239172,1.7023561034741679,0
34.56,6.51,26.64,-1.56,-98.04,0.32,11.93449275362319,-28.021956521739135,7.727391304347827,36.120000000000005,104.55000000000001,26.32,0.40540086193626684,-0.8920915985540155,0.9457485357796952,-1.55,-1.41,0.58,8.8,-3.89,2.62,13.496862709665928,36.415783404378814,9.185227136142746,-1.435209146328089,-0.8514866432904284,-0.755562700837312,0
15.43,21.0,1.82,-6.1,-1.33,-10.91,6.1587499999999995,7.624615384615385,-1.5302884615384613,21.53,22.33,12.73,-0.2628314993881696,-0.2473375068603087,-0.7940177036542978,-3.83,-1.29,1.8,13.24,12.094999999999999,-1.665,8.827673237249659,6.89699654853709,3.067802538754726,-1.8655811681709578,-1.5089382817235206,0.4396136743603183,0
-0.45,-0.64,35.38,-45.43,-18.38,1.3,-17.59324324324324,-6.7859459459459455,16.425540540540545,44.98,17.74,34.080000000000005,-0.5691847931928805,-0.5385622991125902,0.11515977255310762,-3.14,-0.67,1.47,-3.1550000000000002,-5.015000000000001,15.915,18.325209420145356,6.149527979890533,13.83923614728242,-1.5125923017633727,-1.1808064129099647,-1.7228127971525535,0
8.37,3.69,11.86,-0.21,-26.3,-4.5,4.885892857142857,-6.7144642857142856,3.777589285714286,8.58,29.990000000000002,16.36,-0.24811064644278716,-0.7372164338756565,0.05137470761331549,6.97,1.52,4.11,5.045,1.1349999999999998,4.11,2.51073145061192,10.945410636368308,4.6125102101195,-1.248561818057322,-1.1403113536724765,-0.5526261805171608,0
9.65,10.75,29.6,-3.15,-1.26,1.28,2.5860000000000003,2.569777777777778,10.927666666666667,12.8,12.01,28.32,-0.06669669703537123,1.0014425548085657,0.6383561674785794,-3.15,-0.28,1.35,4.75,0.105,8.5,4.333447126711021,3.912719139131813,9.068533147342212,-1.5184355933110778,-0.4075915885348116,-0.8287942754939066,0
71.75,49.83,2.07,-0.61,-25.0,-43.0,49.5035,16.72025,-21.317249999999998,72.36,74.83,45.07,-1.0058712587789882,-0.179815590628147,0.1887715505798644,-0.61,-25.0,1.58,65.89500000000001,21.96,-25.735,26.322508607970228,24.897499019730876,16.35145671199256,-0.6938317083417127,-1.5107924576369516,-1.4881712510678933,0
0.77,41.43,0.61,-6.43,-1.0,-58.29,-1.5954545454545452,28.918409090909094,-34.55022727272728,7.199999999999999,42.43,58.9,-1.0578709130915542,-1.1753241183813996,0.40956845487562943,-0.88,37.06,-58.07,-0.675,36.894999999999996,-45.58,2.087861514200436,15.011238054322959,24.432285271433592,-0.24176282001531213,-0.31192734081662676,-1.5797320765747473,0
27.14,-0.3,65.39,-7.34,-60.93,0.23,12.497623762376232,-40.9439603960396,34.54623762376238,34.480000000000004,60.63,65.16,-0.3401325362564083,0.8147845647531221,-0.17651750489742185,21.86,-60.56,0.23,21.6,-54.43,38.47,13.379080622893742,22.837486426825986,25.08577636716741,-1.6852659667174044,-1.0597485682162637,-1.5672402747080862,0
-0.7,44.47,0.83,-38.04,-1.35,-35.72,-16.24431578947368,17.040947368421055,-14.084526315789477,37.339999999999996,45.82,36.55,-0.32011119166764596,0.3511618464043626,-0.32985718247386464,-1.06,-0.62,0.71,-8.87,11.95,-7.74,15.949564300442857,17.531287464277252,15.151172945278148,-1.6993872188978234,-1.5032321732012397,-1.6569277057793783,0
15.98,64.27,0.51,-10.57,-1.01,-79.81,7.5630000000000015,48.07663636363637,-56.42590909090909,26.55,65.28,80.32000000000001,-0.6158306119724692,-1.22525426879397,0.9538990185666029,15.67,-1.01,-79.3,14.86,60.7,-72.69,9.525495887831296,22.490859972938207,28.862706743082672,-1.258553412845627,-0.12266694155705471,-0.721810466477447,0
-0.21,-0.26,60.43,-25.56,-60.98,0.63,-15.547865168539326,-37.43269662921349,32.92528089887641,25.349999999999998,60.72,59.8,0.5237483480852729,0.45985002800664215,-0.19784295351718864,-0.38,-57.99,0.72,-21.02,-46.71,38.68,9.877456397306792,22.82886423294845,24.7095821421609,-1.441421572070915,-1.415063883004346,-1.6934183417920539,0
